Title,Writer,Publisher,Run,Read,Random Comic,Unnamed: 6,Unnamed: 7,Unnamed: 8,Unnamed: 9,Unnamed: 10,Unnamed: 11,Unnamed: 12,Unnamed: 13,Unnamed: 14,Unnamed: 15
52,Various,DC,52.0,False,Daredevil,,,,,,,,,,52
300,"Miller, Frank",Dark Horse,4.0,False,,,,,,,,,,,300
100 Bullets,"Azzarello, Brian",Vertigo,100.0,True,,,,,,,,,,,100 Bullets
20th Century Boys,"Urasawa, Naoki",Manga,22.0,False,,,,,,,,,,,20th Century Boys
4 Kids Walk into a Bank,"Rosenberg, Matthew",Black Mask,5.0,False,,,,,,,,,,,4 Kids Walk into a Bank
"7 Deadly Sins, The","Chun, Tze",TKO Studios,8.0,False,,,,,,,,,,,The 7 Deadly Sins
A Bride's Story,"Mori, Kaoru",Manga,11.0,False,,,,,,,,,,,A Bride's Story
A Contract With God,"Eisner, Will",W.W. Norton & Company,8.0,False,,,,,,,,,,,A Contract With God
A God Somewhere,"Arcudi, John",Wildstorm,4.0,False,,,,,,,,,,,A God Somewhere
A Shadowline Saga: Critical Mass,"Chichester, Daniel",Marvel,7.0,False,,,,,,,,,,,A Shadowline Saga: Critical Mass
A Silent Voice,"Oima, Yoshitoki",Manga,7.0,False,,,,,,,,,,,A Silent Voice
Abara,"Nihei, Tsutomu",Manga,2.0,False,,,,,,,,,,,Abara
About Betty's Boob,"Cazot, Vero",Archaia,8.0,False,,,,,,,,,,,About Betty's Boob
Absolute Batman,,,,,,,,,,,,,,,Absolute Batman
Absolute Martian Manhunter,,,,,,,,,,,,,,,Absolute Martian Manhunter
Absolute Superman,,,,,,,,,,,,,,,Absolute Superman
Absolute Wonder woman,,,,,,,,,,,,,,,Absolute Wonder woman
"Acme Novelty Library, The","Ware, Chris",ACME Novelty Library,20.0,False,,,,,,,,,,,The Acme Novelty Library
Acts of Evil,Various,Marvel,8.0,False,,,,,,,,,,,Acts of Evil
Adventure Time Comics,Various,Boom!,25.0,False,,,,,,,,,,,Adventure Time Comics
After Nothing Comes,"Koch, Aidan",Koyama Press,4.0,False,,,,,,,,,,,After Nothing Comes
Age 16,,,,,,,,,,,,,,,Age 16
Age of Bronze,"Shanower, Eric",Image,35.0,False,,,,,,,,,,,Age of Bronze
Age of X-Man: X-Tremists Agenda,"Williams, Leah",Marvel,4.0,False,,,,,,,,,,,Age of X-Man: X-Tremists Agenda
Akira,"Otomo, Katsuhiro",Manga,6.0,True,,,,,,,,,,,Akira
Alack Sinner,"Sampayo, Carlos",IDW,8.0,False,,,,,,,,,,,Alack Sinner
Alec,"Campbell, Eddie",Top Shelf,30.0,False,,,,,,,,,,,Alec
Alias,"Bendis, Brian",Marvel,29.0,False,,,,,,,,,,,Alias
Aliens: Dead Orbit,"Stokoe, James",Dark Horse,4.0,False,,,,,,,,,,,Aliens: Dead Orbit
All the Answers,"Kupperman, Joel",Gallery 13,9.0,False,,,,,,,,,,,All the Answers
All You Need is Kill,"Sakurazaka, Hiroshi",Manga,17.0,False,,,,,,,,,,,All You Need is Kill
All-New Guardians of the Galaxy,"Duggan, Gerry",Marvel,17.0,False,,,,,,,,,,,All-New Guardians of the Galaxy
All-New Wolverine,"Taylor, Tom",Marvel,35.0,False,,,,,,,,,,,All-New Wolverine
All-Star Batman,"Snyder, Scott",DC,14.0,False,,,,,,,,,,,All-Star Batman
"All-Star Batman and Robin, The Boy Wonder","Miller, Frank",DC,10.0,False,,,,,,,,,,,"All-Star Batman and Robin, The Boy Wonder"
Amazing Spider-Man,"Conway, Gerry",Marvel,38.0,False,,,,,,,,,,,Amazing Spider-Man
Amazing Spider-Man,"Straczynski, J. Michael",Marvel,78.0,False,,,,,,,,,,,Amazing Spider-Man
"Amazing Spider-Man, The","Waid, Mark",Marvel,23.0,False,,,,,,,,,,,The Amazing Spider-Man
"Amazing Spider-Man: Full Circle, The",Various,Marvel,3.0,False,,,,,,,,,,,The Amazing Spider-Man: Full Circle
Amazing Spider-Man: Kraven's Last Hunt,"David, Peter",Marvel,6.0,False,,,,,,,,,,,Amazing Spider-Man: Kraven's Last Hunt
American Elf,"Kochlka, James",Topshelf,70.0,False,,,,,,,,,,,American Elf
American Flagg,"Chaykin, Howard",First Comics,50.0,False,,,,,,,,,,,American Flagg
American Gothic,"Edington, Ian",Rebellion Developments,8.0,False,,,,,,,,,,,American Gothic
And Then Emily Was Gone,"Lees, John",ComixTribe,6.0,False,,,,,,,,,,,And Then Emily Was Gone
Animal Man,"Lemire, Jeff",DC,32.0,False,,,,,,,,,,,Animal Man
Animal Man,"Milligan, Peter",DC,6.0,False,,,,,,,,,,,Animal Man
Animal Man,"Morrison, Grant",DC,26.0,False,,,,,,,,,,,Animal Man
Anne Frank's Diary: The Graphic Adaptation,"Folman, Ari",Pantheon,6.0,False,,,,,,,,,,,Anne Frank's Diary: The Graphic Adaptation
Aquaman,"Abnett, Dan",DC,46.0,False,,,,,,,,,,,Aquaman
Aquaman: Sub Diego,"Pfiefer, Will",DC,8.0,False,,,,,,,,,,,Aquaman: Sub Diego
Archie,"Waid, Mark",Archie,12.0,False,,,,,,,,,,,Archie
"Arrival, The","Tan, Shaun",Hodder & Stoughton,5.0,False,,,,,,,,,,,The Arrival
Ask for Mercy,"Starkings, Richard",Comicraft,6.0,False,,,,,,,,,,,Ask for Mercy
Assassination Classroom,"Matsui, Yusei",Manga,21.0,False,,,,,,,,,,,Assassination Classroom
Asterios Polyp,"Mazzucchelli, David",Random House,13.0,False,,,,,,,,,,,Asterios Polyp
Astonishing Ant-Man,"Spencer, Nick",Marvel,13.0,False,,,,,,,,,,,Astonishing Ant-Man
Astonishing X-Men,"Whedon, Joss",Marvel,69.0,False,,,,,,,,,,,Astonishing X-Men
Astro City,"Waid, Mark",DC,100.0,False,,,,,,,,,,,Astro City
Attaboy,,,,,,,,,,,,,,,Attaboy
Attack on Titan,"Isayame, Hajime",Manga,28.0,False,,,,,,,,,,,Attack on Titan
"Authority, The","Ellis, Warren",Wildstorm,30.0,False,,,,,,,,,,,The Authority
Avatar: The Last Airbender,"Yang, Gene Luen",Dark Horse,48.0,False,,,,,,,,,,,Avatar: The Last Airbender
Avatar: The Last Airbender,"Hicks, Faith Erin",Dark Horse,6.0,False,,,,,,,,,,,Avatar: The Last Airbender
Avatar: The Last Airbender - The Lost Adventures,Various,Dark Horse,9.0,False,,,,,,,,,,,Avatar: The Last Airbender - The Lost Adventures
Avatar: The Legend of Korra - Turf Wars,"DiMartino, Michael",Dark Horse,10.0,False,,,,,,,,,,,Avatar: The Legend of Korra - Turf Wars
Avengers,"Busiek, Kurt",Marvel,70.0,False,,,,,,,,,,,Avengers
Avengers A.I.,"Humphries, Sam",Marvel,12.0,False,,,,,,,,,,,Avengers A.I.
Avengers Academy,"Gage, Christos",Marvel,40.0,False,,,,,,,,,,,Avengers Academy
Avengers Arena/Undercover,"Hopeless, Dennis",Marvel,28.0,False,,,,,,,,,,,Avengers Arena/Undercover
Avengers: Hawkeye: Earth's Mightiest Marksman,"Dixon, Chuck",Marvel,7.0,False,,,,,,,,,,,Avengers: Hawkeye: Earth's Mightiest Marksman
Avengers: No Surrender/No Road Home,Various,Marvel,27.0,False,,,,,,,,,,,Avengers: No Surrender/No Road Home
Avengers: The Initiative,"Slott, Dan",Marvel,35.0,False,,,,,,,,,,,Avengers: The Initiative
Avengers: The Kree/Skrull War,"Thomas, Roy",Marvel,19.0,False,,,,,,,,,,,Avengers: The Kree/Skrull War
Avengers/New Avengers/Infinity,"Hickman, Jonathan",Marvel,83.0,False,,,,,,,,,,,Avengers/New Avengers/Infinity
Babyteeth,"Cates, Donny",Aftershock,14.0,False,,,,,,,,,,,Babyteeth
Bacchus,"Campbell, Eddie",Top Shelf,51.0,False,,,,,,,,,,,Bacchus
Bad Dreams in the Night,,,,,,,,,,,,,,,Bad Dreams in the Night
Bakuman,"Ohba, Tsugumi",Manga,20.0,False,,,,,,,,,,,Bakuman
"Ballad of Halo Jones, The","Moore, Alan",Rebellion Developments,20.0,False,,,,,,,,,,,The Ballad of Halo Jones
Barrier,"Vaughan, Brian K.",Panel Syndicate,5.0,False,,,,,,,,,,,Barrier
Batgirl,"Miller, Bryan Q.",DC,24.0,False,,,,,,,,,,,Batgirl
Batgirl Adventures,"Dini, Paul",DC,2.0,False,,,,,,,,,,,Batgirl Adventures
Batgirl: Year One,"Beatty, Scott",DC,9.0,False,,,,,,,,,,,Batgirl: Year One
Batman,"King, Tom",DC,89.0,False,,,,,,,,,,,Batman
Batman,"Snyder, Scott",DC,52.0,False,,,,,,,,,,,Batman
Batman,"Morrison, Grant",DC,25.0,False,,,,,,,,,,,Batman
Batman / Catwoman Collected,,,,,,,,,,,,,,,Batman / Catwoman Collected
Batman / Santa Clause: Silent Knight,,,,,,,,,,,,,,,Batman / Santa Clause: Silent Knight
Batman & Robin: Year One,,,,,,,,,,,,,,,Batman & Robin: Year One
Batman & Robin/Batman Incorporated,"Morrison, Grant",DC,55.0,False,,,,,,,,,,,Batman & Robin/Batman Incorporated
Batman Adventures,"Puckett, Kelly",DC,37.0,False,,,,,,,,,,,Batman Adventures
Batman Adventures: Mad Love/Holiday Special,"Dini, Paul",DC,5.0,False,,,,,,,,,,,Batman Adventures: Mad Love/Holiday Special
Batman and Robin,"Tomasi, Peter J.",DC,62.0,False,,,,,,,,,,,Batman and Robin
Batman Detective Comics 3: Gotham Nocturne Act II,,,,,,,,,,,,,,,Batman Detective Comics 3: Gotham Nocturne Act II
Batman Universe,"Bendis, Brian",DC,6.0,False,,,,,,,,,,,Batman Universe
Batman Vol 4: Dark Prisons,,,,,,,,,,,,,,,Batman Vol 4: Dark Prisons
Batman: Dark Age Collected,,,,,,,,,,,,,,,Batman: Dark Age Collected
Batman: Dark Knight Dark City,"Milligan, Peter",DC,10.0,False,,,,,,,,,,,Batman: Dark Knight Dark City
Batman: Dark Victory,"Loeb, Jeph",DC,15.0,False,,,,,,,,,,,Batman: Dark Victory
Batman: Gotham After Midnight,"Niles, Steve",DC,15.0,False,,,,,,,,,,,Batman: Gotham After Midnight
Batman: Haunted Knight,"Loeb, Jeph",DC,3.0,False,,,,,,,,,,,Batman: Haunted Knight
Batman: Heart of Hush,"Dini, Paul",DC,7.0,False,,,,,,,,,,,Batman: Heart of Hush
Batman: Knight and Squire,"Cornell, Paul",DC,6.0,False,,,,,,,,,,,Batman: Knight and Squire
Batman: Long Halloween,"Loeb, Jeph",DC,13.0,False,,,,,,,,,,,Batman: Long Halloween
Batman: Night Cries,"Goodwin, Archie",DC,5.0,False,,,,,,,,,,,Batman: Night Cries
Batman: Streets of Gotham,"Dini, Paul",DC,21.0,False,,,,,,,,,,,Batman: Streets of Gotham
Batman: The Cult,"Starlin, Jim",DC,4.0,False,,,,,,,,,,,Batman: The Cult
Batman: The Dark Knight Returns,"Miller, Frank",DC,4.0,False,,,,,,,,,,,Batman: The Dark Knight Returns
Batman: The Killing Joke,"Moore, Alan",DC,3.0,False,,,,,,,,,,,Batman: The Killing Joke
Batman: The Long Halloween: The Last Halloween (2024),,,,,,,,,,,,,,,Batman: The Long Halloween: The Last Halloween (2024)
Batman: Year 100 & Other Tales,"Pope, Paul",DC,11.0,False,,,,,,,,,,,Batman: Year 100 & Other Tales
Batman: Year One,"Miller, Frank",DC,4.0,False,,,,,,,,,,,Batman: Year One
Batman/Teenage Mutant Ninja Turtles (Vol I and II),"Tynion IV, James",DC,12.0,False,,,,,,,,,,,Batman/Teenage Mutant Ninja Turtles (Vol I and II)
Batman/Teenage Mutant Ninja Turtles (Vol III),"Tynion IV, James",DC,6.0,False,,,,,,,,,,,Batman/Teenage Mutant Ninja Turtles (Vol III)
Battle Angel Alita,"Kishiro, Yukito",Manga,9.0,False,,,,,,,,,,,Battle Angel Alita
Battlefields,"Ennis, Garth",Dynamite,40.0,False,,,,,,,,,,,Battlefields
Batwoman,"Rucka, Greg",DC,10.0,False,,,,,,,,,,,Batwoman
Batwoman,"Bennet, Marguerite",DC,19.0,False,,,,,,,,,,,Batwoman
Beanworld,"Marder, Larry",Dark Horse,55.0,False,,,,,,,,,,,Beanworld
Beasts of Burden,"Dorkin, Evan",Dark Horse,20.0,False,,,,,,,,,,,Beasts of Burden
Beneath the Dead Oak Tree,"Carroll, Emily",ShortBox,4.0,False,,,,,,,,,,,Beneath the Dead Oak Tree
Beneath the Trees Where Nobodt Sees,,,,,,,,,,,,,,,Beneath the Trees Where Nobodt Sees
Berlin,"Lutes, Jason",Drawn and Quarterly,23.0,False,,,,,,,,,,,Berlin
Berserk,"Miura, Kentauro",Manga,40.0,False,,,,,,,,,,,Berserk
Big Jim and the White Boy,,,,,,,,,,,,,,,Big Jim and the White Boy
Birds of Prey,"Simone, Gail",DC,50.0,False,,,,,,,,,,,Birds of Prey
Birthright,"Williamson, Joshua",Image,35.0,False,,,,,,,,,,,Birthright
Black Cloak Vol 2,,,,,,,,,,,,,,,Black Cloak Vol 2
Black Hole,"Burns, Charles",Fantagraphics,12.0,False,,,,,,,,,,,Black Hole
"Black Monday Murders, The","Hickman, Jonathan",Image,8.0,False,,,,,,,,,,,The Black Monday Murders
Black Orchid,"Gaiman, Neil",Vertigo,8.0,False,,,,,,,,,,,Black Orchid
"Black Order, The","Landy, Derek",Marvel,5.0,False,,,,,,,,,,,The Black Order
Black Panther: World of Wakanda,"Gay, Roxane",Marvel,6.0,False,,,,,,,,,,,Black Panther: World of Wakanda
Black Science,"Remender, Rick",Image,42.0,False,,,,,,,,,,,Black Science
Black Widow,"Edmondson, Nathan",Marvel,20.0,False,,,,,,,,,,,Black Widow
Black Widow,"Waid, Mark",Marvel,12.0,False,,,,,,,,,,,Black Widow
Black Widow: Kiss or Kill,"Swierczynski, Duane",Marvel,5.0,False,,,,,,,,,,,Black Widow: Kiss or Kill
Black Widow: The Name of the Rose,"Liu, Marjorie",Marvel,8.0,False,,,,,,,,,,,Black Widow: The Name of the Rose
Blacksad,"Canales, Juan Diaz",Daragud,15.0,False,,,,,,,,,,,Blacksad
Blame!,"Nihei, Tsutomu",Manga,10.0,False,,,,,,,,,,,Blame!
Blankets,"Thompson, Craig",Drawn and Quarterly,30.0,False,,,,,,,,,,,Blankets
Blast,"Larcenet, Manu",Europe Comics,40.0,False,,,,,,,,,,,Blast
Bloodshot: Unleashed Collected,,,,,,,,,,,,,,,Bloodshot: Unleashed Collected
Blue Beetle,"Giffen, Keith",DC,16.0,False,,,,,,,,,,,Blue Beetle
Blurry,,,,,,,,,,,,,,,Blurry
Bone,"Smith, Jeff",Image,65.0,False,,,,,,,,,,,Bone
Bone Parish Complete Collection,,,,,,,,,,,,,,,Bone Parish Complete Collection
Books of Magic,"Gaiman, Neil",Vertigo,19.0,False,,,,,,,,,,,Books of Magic
"Boys, The","Ennis, Garth",Dynamite,85.0,False,,,,,,,,,,,The Boys
Brat,"DeForge, Michael",Koyama Press,4.0,False,,,,,,,,,,,Brat
Brat Pack,"Veitch, Rick",King Hell Press,5.0,False,,,,,,,,,,,Brat Pack
Briggs Land,"Wood, Brian",Dark Horse,12.0,False,,,,,,,,,,,Briggs Land
Brittle Joints,,,,,,,,,,,,,,,Brittle Joints
Bug! The Adventures of Forager,"Allred, Laura",DC,6.0,False,,,,,,,,,,,Bug! The Adventures of Forager
Building Stories,"Ware, Chris",Pantheon,1.0,False,,,,,,,,,,,Building Stories
C.O.W.L.,"Higgins, Kyle",Image,11.0,False,,,,,,,,,,,C.O.W.L.
Cable,"Swierczynski, Duane",Marvel,25.0,False,,,,,,,,,,,Cable
Cages,"McKean, Dave",Kitchen Sink Press,20.0,False,,,,,,,,,,,Cages
Calvin and Hobbes,"Waterson, Bill",Andrews McMeel,58.0,False,,,,,,,,,,,Calvin and Hobbes
Camelot 3000,"Barr, Mike",DC,12.0,False,,,,,,,,,,,Camelot 3000
Captain America,"Brubaker, Ed",Marvel,69.0,False,,,,,,,,,,,Captain America
Captain America,"Remender, Rick",Marvel,25.0,False,,,,,,,,,,,Captain America
Captain America,"Waid, Mark",Marvel,50.0,False,,,,,,,,,,,Captain America
Captain America,"DeMatteis, J.M.",Marvel,39.0,False,,,,,,,,,,,Captain America
Captain Britain,"Moore, Alan",Marvel,28.0,False,,,,,,,,,,,Captain Britain
Captain Britain & MI13,"Cornell, Paul",Marvel,16.0,False,,,,,,,,,,,Captain Britain & MI13
Casanova,"Fraction, Matt",Image,24.0,False,,,,,,,,,,,Casanova
Catwoman,"Brubaker, Ed",DC,38.0,False,,,,,,,,,,,Catwoman
Catwoman: Selina’s Big Score,"Cooke, Darwyn",DC,4.0,False,,,,,,,,,,,Catwoman: Selina’s Big Score
Catwoman: When in Rome,"Loeb, Jeph",DC,6.0,False,,,,,,,,,,,Catwoman: When in Rome
Cave Carson has a Cybernetic Eye,"Rivera, Jon",DC,18.0,False,,,,,,,,,,,Cave Carson has a Cybernetic Eye
Cerebus,"Sim, Dave",Aardvark-Vanaheim,305.0,False,,,,,,,,,,,Cerebus
Chainsaw Man Vol. 14-16,,,,,,,,,,,,,,,Chainsaw Man Vol. 14-16
Champions,"Waid, Mark",Marvel,18.0,False,,,,,,,,,,,Champions
Champions,"Zub, Jim",Marvel,21.0,False,,,,,,,,,,,Champions
Chew,"Layman, John",Image,60.0,False,,,,,,,,,,,Chew
Chew (20090 Nomnibus),,,,,,,,,,,,,,,Chew (20090 Nomnibus)
Chrono Crusade,"Moriyama, Daisuke",Manga,8.0,False,,,,,,,,,,,Chrono Crusade
Claymore,"Yagi, Norihiro",Manga,27.0,False,,,,,,,,,,,Claymore
Clean Room,"Simone, Gail",Vertigo,18.0,False,,,,,,,,,,,Clean Room
Colder,"Tobin, Paul",Dark Horse,15.0,False,,,,,,,,,,,Colder
Come Again,"Powell, Nate",Top Shelf,11.0,False,,,,,,,,,,,Come Again
Conan,"Busiek, Kurt",Dark Horse,37.0,False,,,,,,,,,,,Conan
Conan the Barbarian (2024),,,,,,,,,,,,,,,Conan the Barbarian (2024)
Conan The Barbarian Vol 4: Frozen Faith,,,,,,,,,,,,,,,Conan The Barbarian Vol 4: Frozen Faith
Conan the Barbarian: Exodus,"Ribic, Esad",Marvel,1.0,False,,,,,,,,,,,Conan the Barbarian: Exodus
Conan/Red Sonja,"Simone, Gail",Dark Horse,4.0,False,,,,,,,,,,,Conan/Red Sonja
Concrete,"Chadwick, Paul",Dark Horse,36.0,False,,,,,,,,,,,Concrete
Convert Collected TBP,,,,,,,,,,,,,,,Convert Collected TBP
Copperhead,"Faerber, Jay",Image,19.0,False,,,,,,,,,,,Copperhead
Copra,"Fiffe, Michel",Copra Press,35.0,False,,,,,,,,,,,Copra
Corto Maltese,"Pratt, Hugo",IDW,75.0,False,,,,,,,,,,,Corto Maltese
Cosmic Ghost Rider,"Cates, Donny",Marvel,5.0,False,,,,,,,,,,,Cosmic Ghost Rider
Courtney Crumrin,"Naifeh, Ted",Oni Press,10.0,False,,,,,,,,,,,Courtney Crumrin
Creepshow Vol 3,,,,,,,,,,,,,,,Creepshow Vol 3
Crone Vol 2: Fatal Error,,,,,,,,,,,,,,,Crone Vol 2: Fatal Error
Cross Game,"Adachi, Mitsuru",Manga,17.0,False,,,,,,,,,,,Cross Game
Crossed: Badlands,"Gillen, Kieron",Avatar Press,6.0,False,,,,,,,,,,,Crossed: Badlands
Crosswind,"Simone, Gail",Image,6.0,False,,,,,,,,,,,Crosswind
"Crow, The","O'Barr, James",IDW,22.0,False,,,,,,,,,,,The Crow
Cyberpunk 2077 Kickdown,,,,,,,,,,,,,,,Cyberpunk 2077 Kickdown
Cyborg,"Semper, John",DC,24.0,False,,,,,,,,,,,Cyborg
Damage Control,"McDuffie, Dwayne",Marvel,15.0,False,,,,,,,,,,,Damage Control
Daredevil,"Miller, Frank",Marvel,55.0,False,,,,,,,,,,,Daredevil
Daredevil,"Nocenti, Ann",Marvel,51.0,False,,,,,,,,,,,Daredevil
Daredevil,"Waid, Mark",Marvel,57.0,False,,,,,,,,,,,Daredevil
Daredevil,"Soule, Charles",Marvel,48.0,False,,,,,,,,,,,Daredevil
Daredevil,"Bendis, Brian",Marvel,61.0,False,,,,,,,,,,,Daredevil
Daredevil,"Brubaker, Ed",Marvel,38.0,False,,,,,,,,,,,Daredevil
Daredevil,"Gale, Bob",Marvel,5.0,False,,,,,,,,,,,Daredevil
Daredevil,"Smith, Kevin",Marvel,6.0,False,,,,,,,,,,,Daredevil
Daredevil: End of Days,"Bendis, Brian",Marvel,8.0,False,,,,,,,,,,,Daredevil: End of Days
Daredevil: Woman Without Fear ,,,,,,,,,,,,,,,Daredevil: Woman Without Fear 
Daredevil: Yellow,"Loeb, Jeph",Marvel,6.0,False,,,,,,,,,,,Daredevil: Yellow
Daredevil/Punisher,"Soule, Charles",Marvel,4.0,False,,,,,,,,,,,Daredevil/Punisher
"Dark and Bloody, The","Aldridge, Shawn",Vertigo,6.0,False,,,,,,,,,,,The Dark and Bloody
Dark Avengers,"Bendis, Brian",Marvel,18.0,False,,,,,,,,,,,Dark Avengers
Dark Empty Void,,,,,,,,,,,,,,,Dark Empty Void
Dark Knights of Steel Allwinter,,,,,,,,,,,,,,,Dark Knights of Steel Allwinter
Dark Nights: Metal,"Snyder, Scott",DC,26.0,False,,,,,,,,,,,Dark Nights: Metal
Days of Hate,"Kot, Ales",Image,12.0,False,,,,,,,,,,,Days of Hate
Daytripper,"Moon, Fabio",Vertigo,10.0,False,,,,,,,,,,,Daytripper
DC: New Frontier,"Cooke, Darwyn",DC,6.0,False,,,,,,,,,,,DC: New Frontier
Dead Dead Demon's Dededede Destruction,"Asano, Inio",Manga,7.0,False,,,,,,,,,,,Dead Dead Demon's Dededede Destruction
Deadpool,"Kelly, Joe",Marvel,71.0,False,,,,,,,,,,,Deadpool
Deadpool,"Duggan, Gerry",Marvel,104.0,False,,,,,,,,,,,Deadpool
Deadpool and Cable,"Nicieza, Fabian",Marvel,51.0,False,,,,,,,,,,,Deadpool and Cable
Deadpool: Suicide Kings,"Benson, Mike",Marvel,5.0,False,,,,,,,,,,,Deadpool: Suicide Kings
Death,"Gaiman, Neil",Vertigo,15.0,False,,,,,,,,,,,Death
Death Note,"Ohba, Tsugumi",Manga,12.0,False,,,,,,,,,,,Death Note
"Death of Captain Marvel, The","Starlin, Jim",Marvel,5.0,False,,,,,,,,,,,The Death of Captain Marvel
Death Strikes: The Emperor of Atlantis,,,,,,,,,,,,,,,Death Strikes: The Emperor of Atlantis
Death Vigil,"Sejic, Stjepan",Image,8.0,False,,,,,,,,,,,Death Vigil
Deathstroke,"Priest, Christopher",DC,50.0,False,,,,,,,,,,,Deathstroke
Defenders,"Bendis, Brian",Marvel,10.0,False,,,,,,,,,,,Defenders
Defenders,"Fraction, Matt",Marvel,12.0,False,,,,,,,,,,,Defenders
Dejah Thoris,"Chu, Amy",Dynamite,11.0,False,,,,,,,,,,,Dejah Thoris
Delicious in Dugeon,"Kui, Ryoko",Manga,6.0,False,,,,,,,,,,,Delicious in Dugeon
Demon Knights,"Cornell, Paul",DC,23.0,False,,,,,,,,,,,Demon Knights
Descender,"Lemire, Jeff",Image,32.0,False,,,,,,,,,,,Descender
"Deviant Vol 1, The",,,,,,,,,,,,,,,The Deviant Vol 1
Dial-H,"Mieville, China",DC,15.0,False,,,,,,,,,,,Dial-H
Django/Zorro,"Tarentino, Quentin",Dynamite,7.0,False,,,,,,,,,,,Django/Zorro
DMZ,"Wood, Brian",Vertigo,72.0,False,,,,,,,,,,,DMZ
Do Gees See God,,,,,,,,,,,,,,,Do Gees See God
Doctor Strange,"Aaron, Jason",Marvel,36.0,False,,,,,,,,,,,Doctor Strange
Doctor Strange: The Oath,"Vaughan, Brian K.",Marvel,5.0,False,,,,,,,,,,,Doctor Strange: The Oath
Doctor Who: The 15th Doctor,,,,,,,,,,,,,,,Doctor Who: The 15th Doctor
Dog Days of Summer,Various,DC,1.0,False,,,,,,,,,,,Dog Days of Summer
Doktor Sleepless,"Ellis, Warren",Avatar Press,13.0,False,,,,,,,,,,,Doktor Sleepless
"Domain, The",,,,,,,,,,,,,,,The Domain
DOOM (2024),,,,,,,,,,,,,,,DOOM (2024)
Doom 2099,"Ellis, Warren",Marvel,15.0,False,,,,,,,,,,,Doom 2099
Doom Patrol,"Way, Gerard",DC,12.0,False,,,,,,,,,,,Doom Patrol
Doom Patrol,"Morrison, Grant",Vertigo,44.0,False,,,,,,,,,,,Doom Patrol
Doomsday Clock,"Johns, Geoff",DC,12.0,False,,,,,,,,,,,Doomsday Clock
Dorohedoro,"Hayashida, Q",Manga,23.0,False,,,,,,,,,,,Dorohedoro
Dr. Stone,"Inagakiri, Riichiro",Manga,10.0,False,,,,,,,,,,,Dr. Stone
Dragonball,"Toriyama, Akira",Manga,42.0,False,,,,,,,,,,,Dragonball
"Dregs, The","Nadler, Lonnie",Black Mask,4.0,False,,,,,,,,,,,The Dregs
Duck and Cover Collected ,,,,,,,,,,,,,,,Duck and Cover Collected 
Duncan the Wonder Dog,"Hines, Adam",AdHouse Books,16.0,False,,,,,,,,,,,Duncan the Wonder Dog
Dungeons and Dragons,"Rogers, John",IDW,19.0,False,,,,,,,,,,,Dungeons and Dragons
Dungeons and Dragons,"Zub, Jim",IDW,20.0,False,,,,,,,,,,,Dungeons and Dragons
Earth X,"Ross, Alex",Marvel,15.0,False,,,,,,,,,,,Earth X
Eightball,"Clowes, Daniel",Fantagraphics,18.0,False,,,,,,,,,,,Eightball
Elektra: Assassin,"Miller, Frank",Marvel,8.0,False,,,,,,,,,,,Elektra: Assassin
Elephantmen,"Starkings, Richard",Image,88.0,False,,,,,,,,,,,Elephantmen
Empire,"Waid, Mark",Image,13.0,False,,,,,,,,,,,Empire
Enigma,"Milligan, Peter",Vertigo,8.0,False,,,,,,,,,,,Enigma
"Essential Calvin and Hobbes, The",,,,,,,,,,,,,,,The Essential Calvin and Hobbes
Essex County,"Lemire, Jeff",Topshelf,19.0,False,,,,,,,,,,,Essex County
Eternals,"Kirby, Jack",Marvel,20.0,False,,,,,,,,,,,Eternals
Eternals,"Gaiman, Neil",Marvel,7.0,False,,,,,,,,,,,Eternals
Eternity Girl,"Visaggio, Magdalene",DC,6.0,False,,,,,,,,,,,Eternity Girl
Ether,"Kindt, Matt",Dark Horse,10.0,False,,,,,,,,,,,Ether
EVE: Valkyrie,"Wood, Brian",Dark Horse,4.0,False,,,,,,,,,,,EVE: Valkyrie
Ex Machina,"Vaughan, Brian K.",Wildstorm,54.0,False,,,,,,,,,,,Ex Machina
Excalibur,"Davis, Alan",Marvel,67.0,False,,,,,,,,,,,Excalibur
Exiles,"Winick, Judd",Marvel,101.0,False,,,,,,,,,,,Exiles
Exiles,"Ahmed, Saladin",Marvel,12.0,False,,,,,,,,,,,Exiles
Exit Stage Left: The Snagglepuss Chronicles,"Russell, Mark",DC,6.0,False,,,,,,,,,,,Exit Stage Left: The Snagglepuss Chronicles
Extermination,"Brisson, Ed",Marvel,5.0,False,,,,,,,,,,,Extermination
Extremity,"Johnson, Daniel Warren",Image,12.0,False,,,,,,,,,,,Extremity
Eyeshield 21,"Inagakiri, Riichiro",Manga,37.0,False,,,,,,,,,,,Eyeshield 21
Fables,"Willingham, Bill",Vertigo,214.0,False,,,,,,,,,,,Fables
"Fade Out, The","Brubaker, Ed",Image,12.0,False,,,,,,,,,,,The Fade Out
Fantastic Four,"Waid, Mark",Marvel,36.0,False,,,,,,,,,,,Fantastic Four
Fantastic Four,"Byrne, John",Marvel,65.0,False,,,,,,,,,,,Fantastic Four
Fantastic Four,"Kirby, Jack",Marvel,109.0,False,,,,,,,,,,,Fantastic Four
Fantastic Four by Ryan North Vol 4,,,,,,,,,,,,,,,Fantastic Four by Ryan North Vol 4
Fantastic Four/FF,"Hickman, Jonathan",Marvel,51.0,False,,,,,,,,,,,Fantastic Four/FF
Fantastic our Imaginauts,,,,,,,,,,,,,,,Fantastic our Imaginauts
Fatale,"Brubaker, Ed",Image,24.0,False,,,,,,,,,,,Fatale
Fear Agent,"Remender, Rick",Image,32.0,False,,,,,,,,,,,Fear Agent
Fearscape,"O'Sullivan, Ryan",Vault,5.0,False,,,,,,,,,,,Fearscape
"Fearsome Doctor Fang, The","Chun, Tze",TKO Studios,8.0,False,,,,,,,,,,,The Fearsome Doctor Fang
Feeding Ghosts: A Graphic Memoir,,,,,,,,,,,,,,,Feeding Ghosts: A Graphic Memoir
Femme Magnifique,Various,Black Crown,10.0,False,,,,,,,,,,,Femme Magnifique
Feral Vol 2: Cat Lady,,,,,,,,,,,,,,,Feral Vol 2: Cat Lady
"Few, The","Lewis, Sean",Image,6.0,False,,,,,,,,,,,The Few
Final Crisis,"Morrison, Grant",DC,10.0,False,,,,,,,,,,,Final Crisis
Final Cut,,,,,,,,,,,,,,,Final Cut
Fishflies Collected,,,,,,,,,,,,,,,Fishflies Collected
"Fix, The","Spencer, Nick",Image,12.0,False,,,,,,,,,,,The Fix
Flash,"Waid, Mark",DC,100.0,False,,,,,,,,,,,Flash
Flash Gordon/Kings Cross/Kings Watch,"Parker, Jeff",Dynamite,20.0,False,,,,,,,,,,,Flash Gordon/Kings Cross/Kings Watch
"Flinstones, The","Russell, Mark",DC,12.0,False,,,,,,,,,,,The Flinstones
Flowers of Evil,"Oshimi, Shuzo",Manga,11.0,False,,,,,,,,,,,Flowers of Evil
Food School,,,,,,,,,,,,,,,Food School
Food Wars!,"Tsukuda, Yuto",Manga,34.0,False,,,,,,,,,,,Food Wars!
For Real,"Romberger, James",Uncivilized Books,1.0,False,,,,,,,,,,,For Real
Fourth World,"Kirby, Jack",DC,60.0,False,,,,,,,,,,,Fourth World
Frankenstein: Agent of Shade,"Lemire, Jeff",DC,20.0,False,,,,,,,,,,,Frankenstein: Agent of Shade
FreakAngels,"Ellis, Warren",Avatar Press,35.0,False,,,,,,,,,,,FreakAngels
Friendly Neighborhood Spider-Man,"Taylor, Tom",Marvel,14.0,False,,,,,,,,,,,Friendly Neighborhood Spider-Man
Frogpocalyse,,,,,,,,,,,,,,,Frogpocalyse
From Far Away,"Hikawa, Kyoko",Manga,14.0,False,,,,,,,,,,,From Far Away
From Hell,"Moore, Alan",Topshelf,23.0,False,,,,,,,,,,,From Hell
Full Metal Alchemist,"Arakawa, Hiromu",Manga,27.0,False,,,,,,,,,,,Full Metal Alchemist
Fun Home,"Bechdel, Alison",Mariner Books,8.0,False,,,,,,,,,,,Fun Home
Fury MAX,"Ennis, Garth",Marvel,13.0,False,,,,,,,,,,,Fury MAX
G.I. Joe,"Hama, Larry",Marvel,232.0,False,,,,,,,,,,,G.I. Joe
G.I. Joe (2024),,,,,,,,,,,,,,,G.I. Joe (2024)
G.I. Joe: Sierra Muerte,"Fiffe, Michel",IDW,3.0,False,,,,,,,,,,,G.I. Joe: Sierra Muerte
Gambit,"Asmus, James",Marvel,17.0,False,,,,,,,,,,,Gambit
Gantz,"Oku, Hiroya",Manga,37.0,False,,,,,,,,,,,Gantz
Generation X,"Lobdell, Scott",Marvel,28.0,False,,,,,,,,,,,Generation X
Get Naked,"Seagle, Steven T.",Image,11.0,False,,,,,,,,,,,Get Naked
Ghost World,"Clowes, Daniel",Fantagraphics,3.0,False,,,,,,,,,,,Ghost World
Ghostbusters,"Burnham, Erik",IDW,72.0,False,,,,,,,,,,,Ghostbusters
Giant Days,"Allison, John",Boom!,62.0,False,,,,,,,,,,,Giant Days
Giant-Size X-Men,"Wein, Len",Marvel,1.0,False,,,,,,,,,,,Giant-Size X-Men
Gintama,"Sorachi, Hideaki",Manga,77.0,False,,,,,,,,,,,Gintama
"Girl in the Bay, The","DeMatteis, J.M.",Dark Horse,4.0,False,,,,,,,,,,,The Girl in the Bay
Girl Town,"Nowack, Carolyn",Top Shelf,6.0,False,,,,,,,,,,,Girl Town
Girls,Luna Brothers,Image,24.0,False,,,,,,,,,,,Girls
Gleem,,,,,,,,,,,,,,,Gleem
Glitterbomb,"Zub, Jim",Image,8.0,False,,,,,,,,,,,Glitterbomb
Global Frequency,"Ellis, Warren",Wildstorm,12.0,False,,,,,,,,,,,Global Frequency
Glory,"Keatinge, Joe",Image,14.0,False,,,,,,,,,,,Glory
Go-Bots,"Scioli, Tom",IDW,5.0,False,,,,,,,,,,,Go-Bots
God Country,"Cates, Donny",Image,6.0,False,,,,,,,,,,,God Country
God Hates Astronauts,"Browne, Ryan",Image,10.0,False,,,,,,,,,,,God Hates Astronauts
"Goddamned, The","Aaron, Jason",Image,5.0,False,,,,,,,,,,,The Goddamned
Godshaper,"Spurrier, Simon",Boom!,6.0,False,,,,,,,,,,,Godshaper
Godzilla,"Stokoe, James",IDW,10.0,False,,,,,,,,,,,Godzilla
Gogor,"Garing, Ken",Image,5.0,False,,,,,,,,,,,Gogor
Golden Kamuy,"Noda, Satoru",Manga,17.0,False,,,,,,,,,,,Golden Kamuy
Goodnight Paradise,"Dysart, Joshua",TKO Studios,6.0,False,,,,,,,,,,,Goodnight Paradise
Goodnight Punpun,"Asano, Ino",Manga,13.0,False,,,,,,,,,,,Goodnight Punpun
"Goon, The","Powell, Eric",Dark Horse,68.0,False,,,,,,,,,,,The Goon
Gotham Academy,"Cloonan, Becky",DC,38.0,False,,,,,,,,,,,Gotham Academy
Gotham Central,"Rucka, Greg",DC,40.0,False,,,,,,,,,,,Gotham Central
Gotham City Sirens,"Dini, Paul",DC,26.0,False,,,,,,,,,,,Gotham City Sirens
Gotham City Sirens Trigger Happy ,,,,,,,,,,,,,,,Gotham City Sirens Trigger Happy 
Grand Blue Dreaming,"Inoue, Kenji",Manga,12.0,False,,,,,,,,,,,Grand Blue Dreaming
Grass Kings,"Kindt, Matt",Boom!,15.0,False,,,,,,,,,,,Grass Kings
Green Arrow,"Grell, Mike",DC,86.0,False,,,,,,,,,,,Green Arrow
Green Arrow,"Lemire, Jeff",DC,17.0,False,,,,,,,,,,,Green Arrow
Green Arrow,"Smith, Kevin",DC,15.0,False,,,,,,,,,,,Green Arrow
Green Arrow Vol 3: Against the Wall,,,,,,,,,,,,,,,Green Arrow Vol 3: Against the Wall
Green Arrow: The Archer’s Quest,"Meltzer, Brad",DC,7.0,False,,,,,,,,,,,Green Arrow: The Archer’s Quest
Green Arrow: The Longbow Hunters,"Grell, Mike",DC,3.0,False,,,,,,,,,,,Green Arrow: The Longbow Hunters
Green Lantern,"Marz, Ron",DC,108.0,False,,,,,,,,,,,Green Lantern
Green Lantern,"Johns, Geoff",DC,140.0,False,,,,,,,,,,,Green Lantern
Green Lantern (2023),,,,,,,,,,,,,,,Green Lantern (2023)
Green Lantern Corps,"Tomasi, Peter J.",DC,43.0,False,,,,,,,,,,,Green Lantern Corps
Green Lantern: Earth One,"Hardman, Gabriel",DC,6.0,False,,,,,,,,,,,Green Lantern: Earth One
Green Lantern: Will World,"DeMatteis, J.M.",DC,4.0,False,,,,,,,,,,,Green Lantern: Will World
Green Lanterns,"Humphries, Sam",DC,33.0,False,,,,,,,,,,,Green Lanterns
Green Valley,"Landis, Max",Image,9.0,False,,,,,,,,,,,Green Valley
Grendel,"Wagner, Matt",Dark Horse,90.0,False,,,,,,,,,,,Grendel
Grendel: Devils Crucible,,,,,,,,,,,,,,,Grendel: Devils Crucible
Grimjack,"Ostrander, John",IDW,90.0,False,,,,,,,,,,,Grimjack
Grindhouse,"De Campi, Alex",Dark Horse,16.0,False,,,,,,,,,,,Grindhouse
Groo,"Evanier, Mark",Dark Horse,150.0,False,,,,,,,,,,,Groo
Groot,"Loveness, Jeff",Marvel,6.0,False,,,,,,,,,,,Groot
GTO: Great Teacher Onizuka,"Fujisawa, Tohru",Manga,25.0,False,,,,,,,,,,,GTO: Great Teacher Onizuka
Guardians 3000,"Abnett, Dan",Marvel,8.0,False,,,,,,,,,,,Guardians 3000
Guardians of the Galaxy,"Cates, Donny",Marvel,12.0,False,,,,,,,,,,,Guardians of the Galaxy
"Gulf, The",,,,,,,,,,,,,,,The Gulf
Gutsville,"Spurrier, Simon",Image,3.0,False,,,,,,,,,,,Gutsville
Gutter Magic,"Douek, Rich",IDW,4.0,False,,,,,,,,,,,Gutter Magic
Habibi,"Thompson, Craig",Pantheon,27.0,False,,,,,,,,,,,Habibi
Habitat,"Roy, Simon",Image,4.0,False,,,,,,,,,,,Habitat
Hack/Slash vs. Vampirella,"Aldridge, Shawn",Dynamite,5.0,False,,,,,,,,,,,Hack/Slash vs. Vampirella
Hadrian's Wall,"Higgins, Kyle",Image,8.0,False,,,,,,,,,,,Hadrian's Wall
Hank Johnson: Agent of Hydra,"Mandel, David",Marvel,1.0,False,,,,,,,,,,,Hank Johnson: Agent of Hydra
Hard Time,"Gerber, Steve",DC,19.0,False,,,,,,,,,,,Hard Time
Harley Quinn Vol 3: Clown About Town,,,,,,,,,,,,,,,Harley Quinn Vol 3: Clown About Town
Harley Quinn: Villain of the Year,"Russell, Mark",DC,1.0,False,,,,,,,,,,,Harley Quinn: Villain of the Year
Havok & Wolverine: Meltdown,"Simonson, Walt",Marvel,4.0,False,,,,,,,,,,,Havok & Wolverine: Meltdown
Hawkeye,"Fraction, Matt",Marvel,22.0,False,,,,,,,,,,,Hawkeye
Hawkeye,"Thompson, Kelly",Marvel,17.0,False,,,,,,,,,,,Hawkeye
Hawkeye vs Deapool,"Duggan, Gerry",Marvel,5.0,False,,,,,,,,,,,Hawkeye vs Deapool
Hawkeye: Blindspot,"McCann, Jim",Marvel,4.0,False,,,,,,,,,,,Hawkeye: Blindspot
Heckler,"Giffen, Keith",DC,6.0,False,,,,,,,,,,,Heckler
Hellblazer,Various,Vertigo,300.0,False,,,,,,,,,,,Hellblazer
Hellboy Saga,"Mignola, Mike",Dark Horse,200.0,False,,,,,,,,,,,Hellboy Saga
Hellstorm: Prince of Lies,"Nieves, Rafael",Marvel,21.0,False,,,,,,,,,,,Hellstorm: Prince of Lies
Henchgirl,"Gudsnuk, Kristen",Dark Horse,23.0,False,,,,,,,,,,,Henchgirl
Heroes in Crisis,"King, Tom",DC,9.0,False,,,,,,,,,,,Heroes in Crisis
Hexagon Bridge,,,,,,,,,,,,,,,Hexagon Bridge
"Highest House, The","Carey, Mike",IDW,6.0,False,,,,,,,,,,,The Highest House
Hitman,"Ennis, Garth",DC,63.0,False,,,,,,,,,,,Hitman
Hobtown Mystery Stories: The Case of the Missing Men,,,,,,,,,,,,,,,Hobtown Mystery Stories: The Case of the Missing Men
Homunculus,"Sparrow, Joe",ShortBox,3.0,False,,,,,,,,,,,Homunculus
"Horizon Expirement, The",,,,,,,,,,,,,,,The Horizon Expirement
House of Mystery,"Sturges, Matthew",Vertigo,44.0,False,,,,,,,,,,,House of Mystery
House of Penance,"Tomasi, Peter J.",Dark Horse,6.0,False,,,,,,,,,,,House of Penance
House of X & Powers of X,"Hickman, Jonathan",Marvel,12.0,False,,,,,,,,,,,House of X & Powers of X
How It All Ends,,,,,,,,,,,,,,,How It All Ends
How To Baby,,,,,,,,,,,,,,,How To Baby
Human Target,"Milligan, Peter",Vertigo,25.0,False,,,,,,,,,,,Human Target
Human Target (Greg Smallwood),,,,,,,,,,,,,,,Human Target (Greg Smallwood)
Hunter x Hunter,"Togashi, Yoshihiro",Manga,36.0,False,,,,,,,,,,,Hunter x Hunter
Hyde Street,,,,,,,,,,,,,,,Hyde Street
"Hypernaturals, The","Abnett, Dan",Boom!,12.0,False,,,,,,,,,,,The Hypernaturals
I Feel Machine,Various,SelfMadeHero,5.0,False,,,,,,,,,,,I Feel Machine
I Heart Skull-Crusher,,,,,,,,,,,,,,,I Heart Skull-Crusher
I Kill Giants,"Kelly, Joe",Image,7.0,False,,,,,,,,,,,I Kill Giants
"I, Vampire","Fialkov, Joshua Hale",DC,20.0,False,,,,,,,,,,,"I, Vampire"
Immortal Hulk,,,,,,,,,,,,,,,Immortal Hulk
Immortal Iron Fist,"Fraction, Matt",Marvel,28.0,False,,,,,,,,,,,Immortal Iron Fist
Impulse,"Waid, Mark",DC,30.0,False,,,,,,,,,,,Impulse
In Clothes Called Fat,"Anno, Moyoco",Manga,1.0,False,,,,,,,,,,,In Clothes Called Fat
In Perpetuity,,,,,,,,,,,,,,,In Perpetuity
In Utero,,,,,,,,,,,,,,,In Utero
"Incal, The","Jordorowsky, Alejandro",Epic,31.0,False,,,,,,,,,,,The Incal
Incognito,"Brubaker, Ed",Icon,11.0,False,,,,,,,,,,,Incognito
Incredible Hulk #331- #467,"David, Peter",Marvel,137.0,False,,,,,,,,,,,Incredible Hulk #331- #467
Infamous Iron Man,"Bendis, Brian",Marvel,12.0,False,,,,,,,,,,,Infamous Iron Man
Infidel,"Pichetshote, Pornsak",Image,5.0,False,,,,,,,,,,,Infidel
Infinite Kung Fu,"McLeod, Kagan",Topshelf,19.0,False,,,,,,,,,,,Infinite Kung Fu
Infinite Vacation,"Spencer, Nick",Image,5.0,False,,,,,,,,,,,Infinite Vacation
"Infinity Watch Annual Power Corrupts, The",,,,,,,,,,,,,,,The Infinity Watch Annual Power Corrupts
Inhumans,"Jenkins, Paul",Marvel,12.0,False,,,,,,,,,,,Inhumans
Injection,"Ellis, Warren",Image,15.0,False,,,,,,,,,,,Injection
Invaders,"Zdarsky, Chip",Marvel,12.0,False,,,,,,,,,,,Invaders
Invincible,"Kirkman, Robert",Image,152.0,False,,,,,,,,,,,Invincible
Invincible Iron Man,"Fraction, Matt",Marvel,65.0,False,,,,,,,,,,,Invincible Iron Man
"Invisibles, The","Morrison, Grant",Vertigo,34.0,False,,,,,,,,,,,The Invisibles
Ion,"Marz, Ron",DC,12.0,False,,,,,,,,,,,Ion
Iron Fist,"Brisson, Ed",Marvel,15.0,False,,,,,,,,,,,Iron Fist
Iron Man: Extremis Director's Cut,"Ellis, Warren",Marvel,6.0,False,,,,,,,,,,,Iron Man: Extremis Director's Cut
Iron Man: Noir,"Snyder, Scott",Marvel,4.0,False,,,,,,,,,,,Iron Man: Noir
Ironheart,"Ewing, Eve",Marvel,12.0,False,,,,,,,,,,,Ironheart
Irredeemable,"Waid, Mark",Boom!,38.0,False,,,,,,,,,,,Irredeemable
"Irredeemable Ant-Man, The","Kirkman, Robert",Marvel,12.0,False,,,,,,,,,,,The Irredeemable Ant-Man
"JellyFish, The",,,,,,,,,,,,,,,The JellyFish
Jem and the Holograms,"Thompson, Kelly",IDW,40.0,False,,,,,,,,,,,Jem and the Holograms
Jessica Jones,"Bendis, Brian",Marvel,18.0,False,,,,,,,,,,,Jessica Jones
Jessica Jones: Blindspot #1-#4,"Thompson, Kelly",Marvel,4.0,False,,,,,,,,,,,Jessica Jones: Blindspot #1-#4
Jim Henson's Tale of Sand,"Henson, Jim",Boom!,6.0,False,,,,,,,,,,,Jim Henson's Tale of Sand
Jimmy Corrigan: The Smartest Kid on Earth,"Ware, Chris",Pantheon,19.0,False,,,,,,,,,,,Jimmy Corrigan: The Smartest Kid on Earth
JLA,"Morrison, Grant",DC,37.0,False,,,,,,,,,,,JLA
JLA,"Waid, Mark",DC,40.0,False,,,,,,,,,,,JLA
JLA: One Million,"Morrison, Grant",DC,5.0,False,,,,,,,,,,,JLA: One Million
Jojo's Bizarre Adventure,"Araki, Hirohiko",Manga,124.0,False,,,,,,,,,,,Jojo's Bizarre Adventure
Jonah Hex,"Gray, Justin",DC,76.0,False,,,,,,,,,,,Jonah Hex
Jonah Hex: Shadows West,"Lansdale, Joe",DC,16.0,False,,,,,,,,,,,Jonah Hex: Shadows West
JSA,"Johns, Geoff",DC,118.0,False,,,,,,,,,,,JSA
JSA: The Golden Age,"Robinson, James",DC,4.0,False,,,,,,,,,,,JSA: The Golden Age
Judas,"Loveness, Jeff",Boom!,4.0,False,,,,,,,,,,,Judas
Judge Dredd,Various,Rebellion Developments,200.0,False,,,,,,,,,,,Judge Dredd
Judge Dredd: A Better World,,,,,,,,,,,,,,,Judge Dredd: A Better World
Junji Ito Collection,"Ito, Junji",Manga,35.0,False,,,,,,,,,,,Junji Ito Collection
Justice,"Ross, Alex",DC,12.0,False,,,,,,,,,,,Justice
Justice League,"Johns, Geoff",DC,65.0,False,,,,,,,,,,,Justice League
Justice League 3000,"Giffen, Keith",DC,15.0,False,,,,,,,,,,,Justice League 3000
Justice League International,"Giffen, Keith",DC,25.0,False,,,,,,,,,,,Justice League International
Justice League United,"Lemire, Jeff",DC,18.0,False,,,,,,,,,,,Justice League United
Kabuki,"Mack, David",Icon,42.0,False,,,,,,,,,,,Kabuki
Karnak,"Ellis, Warren",Marvel,6.0,False,,,,,,,,,,,Karnak
Kaya Vol 4,,,,,,,,,,,,,,,Kaya Vol 4
Kill or be Killed,"Brubaker, Ed",Image,20.0,False,,,,,,,,,,,Kill or be Killed
Kill the Minotaur,"Pasetto, Chris",Image,6.0,False,,,,,,,,,,,Kill the Minotaur
Kill Your Boyfriend,"Morrison, Grant",Vertigo,3.0,False,,,,,,,,,,,Kill Your Boyfriend
Killmonger,"Hill, Bryan",Marvel,5.0,False,,,,,,,,,,,Killmonger
King City,"Graham, Brandon",Image,4.0,False,,,,,,,,,,,King City
King Spawn Vol 6,,,,,,,,,,,,,,,King Spawn Vol 6
Kingdom,"Hara, Yasuhisa",Manga,54.0,False,,,,,,,,,,,Kingdom
Kingdom Come,,,,,,,,,,,,,,,Kingdom Come
Kings in Disguise,"Vance, James",W. W. Norton & Company,8.0,False,,,,,,,,,,,Kings in Disguise
"Kings Warrior, The",,,,,,,,,,,,,,,The Kings Warrior
Klaus,"Morrison, Grant",Boom!,15.0,False,,,,,,,,,,,Klaus
Kosher Mafia,,,,,,,,,,,,,,,Kosher Mafia
Krampus,"Jones, Brian",Image,5.0,False,,,,,,,,,,,Krampus
Krazy & Ignatz,"Herriman, George",Sunday Press,70.0,False,,,,,,,,,,,Krazy & Ignatz
Lady Killer,"Jones, Joelle",Dark Horse,10.0,False,,,,,,,,,,,Lady Killer
Lady Mechanika Vol 8: The Devil in the Lake,,,,,,,,,,,,,,,Lady Mechanika Vol 8: The Devil in the Lake
Lady Supreme,"Moore, Terry",Image,2.0,False,,,,,,,,,,,Lady Supreme
"Last Siege, The","Walker, Landry Q.",Image,8.0,False,,,,,,,,,,,The Last Siege
Lazarus,"Rucka, Greg",Image,39.0,False,,,,,,,,,,,Lazarus
League of Extraordinary Gentlemen Vol 1 and 2,"Moore, Alan",Topshelf,12.0,False,,,,,,,,,,,League of Extraordinary Gentlemen Vol 1 and 2
Leave it to Chance,"Robinson, James",Image,13.0,False,,,,,,,,,,,Leave it to Chance
Leaving Megalopolis,"Simone, Gail",Dark Horse,11.0,False,,,,,,,,,,,Leaving Megalopolis
Legion of Super-Heroes: The Great Darkness Saga,"Levitz, Paul",DC,17.0,False,,,,,,,,,,,Legion of Super-Heroes: The Great Darkness Saga
"Legion, The","Abnett, Dan",DC,38.0,False,,,,,,,,,,,The Legion
Letter 44,"Soule, Charles",Oni Press,35.0,False,,,,,,,,,,,Letter 44
Lex Luthor: Man of Steel,"Azzarello, Brian",DC,5.0,False,,,,,,,,,,,Lex Luthor: Man of Steel
"Life and Times of Scrooge McDuck, The","Rosa, Don",Fantagraphics,10.0,False,,,,,,,,,,,The Life and Times of Scrooge McDuck
"Light Brigade, The","Tomasi, Peter J.",Dark Horse,9.0,False,,,,,,,,,,,The Light Brigade
Little Bird,"Poelgeest, Darcy Van",Image,5.0,False,,,,,,,,,,,Little Bird
Little Nemo,"Braunn, Alexander",TASCHEN,4.0,False,,,,,,,,,,,Little Nemo
Loki: Journey Into Mystery,"Gillen, Kieron",Marvel,33.0,False,,,,,,,,,,,Loki: Journey Into Mystery
"Lone Ranger, The","Russell, Mark",Dynamite,5.0,False,,,,,,,,,,,The Lone Ranger
Lone Wolf and Cub,"Koike, Kazuo",Dark Horse,28.0,False,,,,,,,,,,,Lone Wolf and Cub
Lost at Sea,"O'Malley, Brian Lee",Oni Press,6.0,False,,,,,,,,,,,Lost at Sea
Lost Girls,"Moore, Alan",Topshelf,3.0,False,,,,,,,,,,,Lost Girls
Love and Rockets,"Hernandez, Gilbert",Fantagraphics,84.0,False,,,,,,,,,,,Love and Rockets
Lucifer,"Carey, Mike",Vertigo,78.0,False,,,,,,,,,,,Lucifer
Lucifer and the Biscuit Hammer,"Mizukami, Satoshi",Manga,10.0,False,,,,,,,,,,,Lucifer and the Biscuit Hammer
Lumberjanes,"Stevenson, Noelle",Boom!,12.0,False,,,,,,,,,,,Lumberjanes
Lunar Legend Tsukihime,"Shonen, Sasaki",Manga,10.0,False,,,,,,,,,,,Lunar Legend Tsukihime
Lunar New Year Love Story,,,,,,,,,,,,,,,Lunar New Year Love Story
Luther Strode Trilogy,"Jordan, Justin",Image,18.0,False,,,,,,,,,,,Luther Strode Trilogy
Made in Abyss,"Tsukushi, Akihito",Manga,8.0,False,,,,,,,,,,,Made in Abyss
Maestros,"Skroce, Steve",Image,7.0,False,,,,,,,,,,,Maestros
Mage: The Hero,"Wagner, Matt",Image,47.0,False,,,,,,,,,,,Mage: The Hero
"Manhattan Projects, The","Hickman, Jonathan",Image,29.0,False,,,,,,,,,,,The Manhattan Projects
Manhunter,"Andreyko, Marc",DC,38.0,False,,,,,,,,,,,Manhunter
Manifest Destiny,"Dingess, Chris",Image,36.0,False,,,,,,,,,,,Manifest Destiny
Mara,"Wood, Brian",Image,6.0,False,,,,,,,,,,,Mara
March,"Aydin, Andrew",Top Shelf,18.0,False,,,,,,,,,,,March
Mars Attacks,"Starks, Kyle",Dynamite,5.0,False,,,,,,,,,,,Mars Attacks
Martian Manhunter,"Williams, Rob",DC,12.0,False,,,,,,,,,,,Martian Manhunter
Marvel 1602,"Gaiman, Neil",Marvel,8.0,False,,,,,,,,,,,Marvel 1602
Marvel 2-In-One,"Zdarsky, Chip",Marvel,13.0,False,,,,,,,,,,,Marvel 2-In-One
Marvel Comics #1000,Various,Marvel,1.0,False,,,,,,,,,,,Marvel Comics #1000
Marvel Comics #1001,Various,Marvel,1.0,False,,,,,,,,,,,Marvel Comics #1001
Marvel Cosmic,Various,Marvel,285.0,False,,,,,,,,,,,Marvel Cosmic
Marvel Knights,"Cates, Donny",Marvel,6.0,False,,,,,,,,,,,Marvel Knights
Marvels,"Busiek, Kurt",Marvel,6.0,False,,,,,,,,,,,Marvels
Mary Tyler Moorehawk,,,,,,,,,,,,,,,Mary Tyler Moorehawk
Masks,"Roberson, Chris",Dynamite,8.0,False,,,,,,,,,,,Masks
Master Race,"Krigstein, Bernie",EC Comics,10.0,False,,,,,,,,,,,Master Race
Maus,"Spiegelman, Art",Pantheon,12.0,False,,,,,,,,,,,Maus
"Maxx, The","Kieth, Sam",IDW,45.0,False,,,,,,,,,,,The Maxx
Meet the Skrulls,"Thompson, Robbie",Marvel,5.0,False,,,,,,,,,,,Meet the Skrulls
Megaman,"Flynn, Ian",Archie,71.0,False,,,,,,,,,,,Megaman
"Metabrons, The","Jordorowsky, Alejandro",Humanoids,22.0,False,,,,,,,,,,,The Metabrons
Midnight Nation,"Straczynski, J. Michael",Top Cow,13.0,False,,,,,,,,,,,Midnight Nation
Midnighter,"Orlando, Steve",DC,12.0,False,,,,,,,,,,,Midnighter
Midnighter and Apollo,"Orlando, Steve",DC,6.0,False,,,,,,,,,,,Midnighter and Apollo
Mighty Avengers,"Slott, Dan",Marvel,15.0,False,,,,,,,,,,,Mighty Avengers
Mighty Morphin' Power Rangers: Pink,"Thompson, Kelly",Boom!,6.0,False,,,,,,,,,,,Mighty Morphin' Power Rangers: Pink
Milk Wars,Various,DC,5.0,False,,,,,,,,,,,Milk Wars
Mind MGMT,"Kindt, Matt",Dark Horse,37.0,False,,,,,,,,,,,Mind MGMT
Mind the Gap,"McCann, Jim",Image,17.0,False,,,,,,,,,,,Mind the Gap
Minor Arcana Vol 1: The Fool,,,,,,,,,,,,,,,Minor Arcana Vol 1: The Fool
Miracleman,"Moore, Alan",Marvel,41.0,False,,,,,,,,,,,Miracleman
Mister Miracle,"King, Tom",DC,12.0,False,,,,,,,,,,,Mister Miracle
Mob Psycho 100,ONE,Manga,16.0,False,,,,,,,,,,,Mob Psycho 100
Mockingbird,"Cain, Chelsea",Marvel,8.0,False,,,,,,,,,,,Mockingbird
Monster,"Urasawa, Naoki",Manga,18.0,False,,,,,,,,,,,Monster
Monsters,"Dahl, Ken",Fantagraphics,8.0,False,,,,,,,,,,,Monsters
"Moon Is Following Us, The",,,,,,,,,,,,,,,The Moon Is Following Us
Moon Knight,"Ellis, Warren",Marvel,17.0,False,,,,,,,,,,,Moon Knight
Moon Knight,"Lemire, Jeff",Marvel,27.0,False,,,,,,,,,,,Moon Knight
Moon Knight,"Huston, Charlie",Marvel,19.0,False,,,,,,,,,,,Moon Knight
Moon Knight,"Moench, Doug",Marvel,39.0,False,,,,,,,,,,,Moon Knight
Moonshadow,"DeMatteis, J.M.",DC,12.0,False,,,,,,,,,,,Moonshadow
Mother Panic,"Houser, Jody",DC,20.0,False,,,,,,,,,,,Mother Panic
Motor Girl,"Moore, Terry",Abstract Studio,10.0,False,,,,,,,,,,,Motor Girl
Mouse Guard,"Peterson, David",Boom!,34.0,False,,,,,,,,,,,Mouse Guard
Ms. Marvel,"Wilson, G. Willow",Marvel,58.0,False,,,,,,,,,,,Ms. Marvel
Ms. Marvel,"Reed, Brian",Marvel,54.0,False,,,,,,,,,,,Ms. Marvel
Multiple Warheads,"Graham, Brandon",Image,12.0,False,,,,,,,,,,,Multiple Warheads
Multiverses: Collision Detected Collected,,,,,,,,,,,,,,,Multiverses: Collision Detected Collected
Murder Falcon,"Johnson, Daniel",Image,8.0,False,,,,,,,,,,,Murder Falcon
Murder Me Dead,"Lapham, David",Image,11.0,False,,,,,,,,,,,Murder Me Dead
Murder Mysteries,"Gaiman, Neil",Dark Horse,5.0,False,,,,,,,,,,,Murder Mysteries
My Adventures with Superman ,,,,,,,,,,,,,,,My Adventures with Superman 
My Favorite Thing is Monsters,"Ferris, Emil",Fantagraphics,8.0,False,,,,,,,,,,,My Favorite Thing is Monsters
My Favorite Thing is Monsters Book 2,,,,,,,,,,,,,,,My Favorite Thing is Monsters Book 2
My Friend Dahmer,"Backderf, Derf",Abrams ComicArts,11.0,False,,,,,,,,,,,My Friend Dahmer
My Hero Academia,"Horikoshi, Kohei",Manga,22.0,False,,,,,,,,,,,My Hero Academia
My Heroes Have Always Been Junkies,"Brubaker, Ed",Image,4.0,False,,,,,,,,,,,My Heroes Have Always Been Junkies
Mystique,"Vaughan, Brian K.",Marvel,24.0,False,,,,,,,,,,,Mystique
Mythic,"Hester, Philip",Image,8.0,False,,,,,,,,,,,Mythic
Nailbiter,"Williamson, Joshua",Image,31.0,False,,,,,,,,,,,Nailbiter
"Nameless City, The","Hicks, Faith Erin",First Second,30.0,False,,,,,,,,,,,The Nameless City
Nancy Drew,"Thompson, Kelly",Dynamite,5.0,False,,,,,,,,,,,Nancy Drew
"Nao of Brown, The","Dillon, Glyn",Harry N. Abrams,8.0,False,,,,,,,,,,,The Nao of Brown
Nausicaä of the Valley of the Wind,"Miyazaki, Hayao",Manga,7.0,False,,,,,,,,,,,Nausicaä of the Valley of the Wind
Nemo Trilogy,"Moore, Alan",Topshelf,6.0,False,,,,,,,,,,,Nemo Trilogy
New Avengers,"Ewing, Al",Marvel,18.0,False,,,,,,,,,,,New Avengers
New Avengers + Illuminati,"Bendis, Brian",Marvel,108.0,False,,,,,,,,,,,New Avengers + Illuminati
"New Gods (2025), The",,,,,,,,,,,,,,,The New Gods (2025)
New Super-Man,"Yang, Gene Luen",DC,24.0,False,,,,,,,,,,,New Super-Man
New Teen Titans,"Wolfman, Marv",DC,182.0,False,,,,,,,,,,,New Teen Titans
New Warriors,"Yost, Christopher",Marvel,12.0,False,,,,,,,,,,,New Warriors
New X-Men,"Kyle, Craig",Marvel,6.0,False,,,,,,,,,,,New X-Men
New X-Men,"Morrison, Grant",Marvel,42.0,False,,,,,,,,,,,New X-Men
Nextwave: Agents of H.A.T.E.,"Ellis, Warren",Marvel,12.0,False,,,,,,,,,,,Nextwave: Agents of H.A.T.E.
Nexus,"Baron, Mike",Dark Horse,136.0,False,,,,,,,,,,,Nexus
Nick Fury,"Steranko, Jim",Marvel,18.0,False,,,,,,,,,,,Nick Fury
Nick Fury,"Robinson, James",Marvel,6.0,False,,,,,,,,,,,Nick Fury
Nighthawk,"Walker, David F.",Marvel,6.0,False,,,,,,,,,,,Nighthawk
"Nightly News, The","Hickman, Jonathan",Image,6.0,False,,,,,,,,,,,The Nightly News
Nights,,,,,,,,,,,,,,,Nights
Nightwing,"Dixon, Chuck",DC,80.0,False,,,,,,,,,,,Nightwing
Nightwing Vol 7,,,,,,,,,,,,,,,Nightwing Vol 7
Nightwing: A Knight in Bludhaven,"O'Neil, Denny",DC,4.0,False,,,,,,,,,,,Nightwing: A Knight in Bludhaven
Nightwing: Renegade,"Grayson, Devin",DC,52.0,False,,,,,,,,,,,Nightwing: Renegade
Niourk,"Wul, Stefan",Dark Horse,7.0,False,,,,,,,,,,,Niourk
No Hero,"Ellis, Warren",Avatar Press,7.0,False,,,,,,,,,,,No Hero
Nonplayer,"Simpson, Nate",Image,2.0,False,,,,,,,,,,,Nonplayer
Northlanders,"Wood, Brian",Vertigo,50.0,False,,,,,,,,,,,Northlanders
Nova,"Loveness, Jeff",Marvel,7.0,False,,,,,,,,,,,Nova
Nowhere Men,"Stephenson, Eric",Image,11.0,False,,,,,,,,,,,Nowhere Men
Nyx (2024),,,,,,,,,,,,,,,Nyx (2024)
Nyx Vol 1: What Comes Next Will Be Marvelous,,,,,,,,,,,,,,,Nyx Vol 1: What Comes Next Will Be Marvelous
Occupy Comics,Various,Black Mask,3.0,False,,,,,,,,,,,Occupy Comics
"Old Guard, The","Rucka, Greg",Image,5.0,False,,,,,,,,,,,The Old Guard
Omega Men,"King, Tom",DC,12.0,False,,,,,,,,,,,Omega Men
One Dirty Tree,"Van Sciver, Noah",Uncivilized Books,5.0,False,,,,,,,,,,,One Dirty Tree
One Piece,"Ota, Eiichiro",Manga,92.0,False,,,,,,,,,,,One Piece
One Punch Man,ONE,Manga,19.0,False,,,,,,,,,,,One Punch Man
One World Under Doom,,,,,,,,,,,,,,,One World Under Doom
One! Hundred! Demons!,"Barry, Lynda",Drawn and Quarterly,12.0,False,,,,,,,,,,,One! Hundred! Demons!
Onward Towards our Noble Deaths,"Mizuki, Shigeru",Manga,1.0,False,,,,,,,,,,,Onward Towards our Noble Deaths
Orc Stain,"Stokoe, James",Image,7.0,False,,,,,,,,,,,Orc Stain
Orion,"Simonson, Walt",DC,25.0,False,,,,,,,,,,,Orion
Paper Girls,"Vaughan, Brian K.",Image,30.0,False,,,,,,,,,,,Paper Girls
Patience,"Clowes, Daniel",Fantagraphics,7.0,False,,,,,,,,,,,Patience
Pax Romana,"Hickman, Jonathan",Image,4.0,False,,,,,,,,,,,Pax Romana
Persepolis,"Satrapi, Marjane",Pantheon,14.0,False,,,,,,,,,,,Persepolis
Peter Cannon: Thunderbolt,"Gillen, Kieron",Dynamite,5.0,False,,,,,,,,,,,Peter Cannon: Thunderbolt
Peter Parker: The Spectacular Spider-Man,"Zdarsky, Chip",Marvel,23.0,False,,,,,,,,,,,Peter Parker: The Spectacular Spider-Man
Phoenix Vol 1: Orbital Resonance,,,,,,,,,,,,,,,Phoenix Vol 1: Orbital Resonance
Phonogram,"Gillen, Kieron",Image,19.0,False,,,,,,,,,,,Phonogram
Planet Hulk,"Pak, Greg",Marvel,20.0,False,,,,,,,,,,,Planet Hulk
Planetary,"Ellis, Warren",Wildstorm,35.0,False,,,,,,,,,,,Planetary
Planetoid,"Garing, Ken",Image,13.0,False,,,,,,,,,,,Planetoid
Plastic Man,"Baker, Kyle",DC,20.0,False,,,,,,,,,,,Plastic Man
Plastic Man,"Simone, Gail",DC,6.0,False,,,,,,,,,,,Plastic Man
Plastic: Deaath & Dolls Collected,,,,,,,,,,,,,,,Plastic: Deaath & Dolls Collected
Pluto,"Urasawa, Naoki",Manga,8.0,False,,,,,,,,,,,Pluto
Plutona,"Lemire, Jeff",Image,5.0,False,,,,,,,,,,,Plutona
Pogo,"Kelly, Walt",Fantagraphics,66.0,False,,,,,,,,,,,Pogo
Polar Vortex,,,,,,,,,,,,,,,Polar Vortex
"Power Fantasy, The",,,,,,,,,,,,,,,The Power Fantasy
Power Girl,"Palmiotti, Jimmy",DC,27.0,False,,,,,,,,,,,Power Girl
Power Rangers: Prime (2024),,,,,,,,,,,,,,,Power Rangers: Prime (2024)
Powers,"Bendis, Brian",Icon,97.0,False,,,,,,,,,,,Powers
Preacher,"Ennis, Garth",Vertigo,75.0,False,,,,,,,,,,,Preacher
Pride of Baghdad,"Vaughan, Brian K.",Vertigo,5.0,False,,,,,,,,,,,Pride of Baghdad
"Prince and the Dressmaker, The","Wang, Jen",First Second,12.0,False,,,,,,,,,,,The Prince and the Dressmaker
Promethea,"Moore, Alan",DC,32.0,False,,,,,,,,,,,Promethea
"Promised Neverland, The","Shirai, Kaiu",Manga,13.0,False,,,,,,,,,,,The Promised Neverland
Prophet,"Graham, Brandon",Image,53.0,False,,,,,,,,,,,Prophet
Providence,"Moore, Alan",Avatar Press,12.0,False,,,,,,,,,,,Providence
Prowler (2017),"Ryan, Sean",Marvel,6.0,False,,,,,,,,,,,Prowler (2017)
"Psycho, The","Hudnall, James",DC,8.0,False,,,,,,,,,,,The Psycho
Puerto Rico Strong,Various,Lion Forge,8.0,False,,,,,,,,,,,Puerto Rico Strong
Punisher,"Ennis, Garth",Marvel,130.0,False,,,,,,,,,,,Punisher
Punisher,"Remender, Rick",Marvel,22.0,False,,,,,,,,,,,Punisher
Punisher Platoon,"Ennis, Garth",Marvel,6.0,False,,,,,,,,,,,Punisher Platoon
"Punisher: Frank Castle MAX, The",,,,,,,,,,,,,,,The Punisher: Frank Castle MAX
Punk Rock Jesus,"Murphey, Sean",Vertigo,6.0,False,,,,,,,,,,,Punk Rock Jesus
Punk Rock Karaoke,,,,,,,,,,,,,,,Punk Rock Karaoke
Putty Pygmailion,,,,,,,,,,,,,,,Putty Pygmailion
Queen and Country,"Rucka, Greg",Oni Press,32.0,False,,,,,,,,,,,Queen and Country
Question,"O'Neil, Denny",DC,42.0,False,,,,,,,,,,,Question
"Question, The","Rucka, Greg",DC,4.0,False,,,,,,,,,,,The Question
Rachel Rising,"Moore, Terry",Abstract Studio,42.0,False,,,,,,,,,,,Rachel Rising
Ragnarok,"Simonson, Walt",IDW,12.0,False,,,,,,,,,,,Ragnarok
Rare Flavors,,,,,,,,,,,,,,,Rare Flavors
Ravine,"Marz, Ron",Image,12.0,False,,,,,,,,,,,Ravine
Record of Ragnarok,"Umemura, Shinya",Manga,8.0,False,,,,,,,,,,,Record of Ragnarok
Red Lanterns,"Soule, Charles",DC,42.0,False,,,,,,,,,,,Red Lanterns
Red Sonja,"Chu, Amy",Dynamite,27.0,False,,,,,,,,,,,Red Sonja
Red Sonja,"Simone, Gail",Dynamite,26.0,False,,,,,,,,,,,Red Sonja
Red Sonja/Tarzan,"Simone, Gail",Dynamite,6.0,False,,,,,,,,,,,Red Sonja/Tarzan
Redcoat Vol 1,,,,,,,,,,,,,,,Redcoat Vol 1
Redman: The Kaiju Hunter,"Frank, Matt",Night Shining,10.0,False,,,,,,,,,,,Redman: The Kaiju Hunter
Requiem Vampire Knights,"Mills, Pat",Rebellion Developments,11.0,False,,,,,,,,,,,Requiem Vampire Knights
"Ribbon Queen, The",,,,,,,,,,,,,,,The Ribbon Queen
Rising Stars,"Straczynski, J. Michael",Image,26.0,False,,,,,,,,,,,Rising Stars
Robin,"Dixon, Chuck",DC,130.0,False,,,,,,,,,,,Robin
Robocop vs Terminator,"Miller, Frank",Dark Horse,4.0,False,,,,,,,,,,,Robocop vs Terminator
Rock Candy Mountain,"Starks, Kyle",Image,8.0,False,,,,,,,,,,,Rock Candy Mountain
Rocket Girl,"Montclaire, Brandon",Image,10.0,False,,,,,,,,,,,Rocket Girl
Rocket Raccoon: Grounded,"Rosenberg, Matthew",Marvel,5.0,False,,,,,,,,,,,Rocket Raccoon: Grounded
ROM: Spaceknight,"Mantlo, Bill",Marvel,79.0,False,,,,,,,,,,,ROM: Spaceknight
Rose,"Finch, Meredith",Image,17.0,False,,,,,,,,,,,Rose
Royal City,"Lemire, Jeff",Image,14.0,False,,,,,,,,,,,Royal City
Royals,"Ewing, Al",Marvel,12.0,False,,,,,,,,,,,Royals
Runaways,"Vaughan, Brian K.",Marvel,51.0,False,,,,,,,,,,,Runaways
S.H.E.I.L.D.,"Hickman, Jonathan",Marvel,12.0,False,,,,,,,,,,,S.H.E.I.L.D.
S.W.O.R.D.,"Gillen, Kieron",Marvel,5.0,False,,,,,,,,,,,S.W.O.R.D.
Sabrina,"Drnaso, Nick",Drawn and Quarterly,8.0,False,,,,,,,,,,,Sabrina
Safe Area Gorazde,"Sacco, Joe",Fantagraphics,10.0,False,,,,,,,,,,,Safe Area Gorazde
Saga,"Vaughan, Brian K.",Image,54.0,False,,,,,,,,,,,Saga
Samurai Deeper Kyo,"Kamijyo, Akimine",Manga,38.0,False,,,,,,,,,,,Samurai Deeper Kyo
"Sandman #1 - #49, The","Gaiman, Neil",Vertigo,49.0,True,,,,,,,,,,,The Sandman #1 - #49
"Sandman #50 - #75, The","Gaiman, Neil",Vertigo,26.0,True,,,,,,,,,,,The Sandman #50 - #75
"Sandman Presents: Thessaly - Witch for Hire, The","Willingham, Bill",Vertigo,5.0,True,,,,,,,,,,,The Sandman Presents: Thessaly - Witch for Hire
Sandman: Midnight Theatre + Mystery Theatre,"Wagner, Matt",Vertigo,74.0,True,,,,,,,,,,,Sandman: Midnight Theatre + Mystery Theatre
"Sandman: Overture, The","Gaiman, Neil",Vertigo,6.0,True,,,,,,,,,,,The Sandman: Overture
Sara,"Ennis, Garth",TKO Studios,8.0,False,,,,,,,,,,,Sara
Satellite Sam,"Fraction, Matt",Image,15.0,False,,,,,,,,,,,Satellite Sam
Scalped,"Aaron, Jason",Vertigo,60.0,False,,,,,,,,,,,Scalped
Scalped Vol 2,,,,,,,,,,,,,,,Scalped Vol 2
Scarlet,"Bendis, Brian",Icon,10.0,False,,,,,,,,,,,Scarlet
Scarlet Spider,"Yost, Christopher",Marvel,25.0,False,,,,,,,,,,,Scarlet Spider
Scooby Apocalypse,"DeMatteis, J.M.",DC,36.0,False,,,,,,,,,,,Scooby Apocalypse
Scott Pilgrim,"O'Malley, Brian Lee",Oni Press,6.0,False,,,,,,,,,,,Scott Pilgrim
SCUD: The Disposable Assassin,"Schrab, Rob",Image,55.0,False,,,,,,,,,,,SCUD: The Disposable Assassin
"Sculptor, The","McCloud, Scott",First Second,20.0,False,,,,,,,,,,,The Sculptor
Secret Avengers,"Ellis, Warren",Marvel,5.0,False,,,,,,,,,,,Secret Avengers
Secret Avengers,"Kot, Ales",Marvel,16.0,False,,,,,,,,,,,Secret Avengers
Secret Avengers,"Remender, Rick",Marvel,37.0,False,,,,,,,,,,,Secret Avengers
Secret Six,"Simone, Gail",DC,50.0,False,,,,,,,,,,,Secret Six
Secret War,"Bendis, Brian",Marvel,5.0,False,,,,,,,,,,,Secret War
Secret Warriors,"Rosenberg, Matthew",Marvel,12.0,False,,,,,,,,,,,Secret Warriors
Secret Warriors,"Hickman, Jonathan",Marvel,29.0,False,,,,,,,,,,,Secret Warriors
Secret Wars,"Hickman, Jonathan",Marvel,10.0,False,,,,,,,,,,,Secret Wars
"Seeds, The","Nocenti, Ann",Dark Horse,2.0,False,,,,,,,,,,,The Seeds
Self Esteem and the End of the World,,,,,,,,,,,,,,,Self Esteem and the End of the World
Sentry,"Jenkins, Paul",Marvel,18.0,False,,,,,,,,,,,Sentry
Sentry,"Lemire, Jeff",Marvel,5.0,False,,,,,,,,,,,Sentry
Seven to Eternity,"Remender, Rick",Image,13.0,False,,,,,,,,,,,Seven to Eternity
Severed,"Snyder, Scott",Image,7.0,False,,,,,,,,,,,Severed
Sex,"Casey, Joe",Image,34.0,False,,,,,,,,,,,Sex
Sex Criminals,"Fraction, Matt",Image,25.0,False,,,,,,,,,,,Sex Criminals
Shade the Changing Girl,"Castellucci, Cecil",DC,13.0,False,,,,,,,,,,,Shade the Changing Girl
Shade the Changing Man,"Milligan, Peter",Vertigo,70.0,False,,,,,,,,,,,Shade the Changing Man
"Shadow Hero, The","Yang, Gene Luen",First Second,7.0,False,,,,,,,,,,,The Shadow Hero
Shadow Star,"Kitoh, Mohiro",Manga,12.0,False,,,,,,,,,,,Shadow Star
"Shadow, The","Spurrier, Simon",Dynamite,12.0,False,,,,,,,,,,,The Shadow
Shazam!: The Monster Society of Evil,"Smith, Jeff",DC,4.0,False,,,,,,,,,,,Shazam!: The Monster Society of Evil
She-Hulk,"Slott, Dan",Marvel,33.0,False,,,,,,,,,,,She-Hulk
Sheriff of Babylon,"King, Tom",Vertigo,12.0,False,,,,,,,,,,,Sheriff of Babylon
Shipwreck,"Ellis, Warren",Aftershock,6.0,False,,,,,,,,,,,Shipwreck
Shirtless Bear Fighter,"LeHeup, Jody",Image,5.0,False,,,,,,,,,,,Shirtless Bear Fighter
Shutter,"Keatinge, Joe",Image,30.0,False,,,,,,,,,,,Shutter
Sideways,"DiDio, Dan",DC,13.0,False,,,,,,,,,,,Sideways
Silk,"Thompson, Robbie",Marvel,34.0,False,,,,,,,,,,,Silk
Silver Surfer,"Slott, Dan",Marvel,29.0,False,,,,,,,,,,,Silver Surfer
Silver Surfer: Black,,,,,,,,,,,,,,,Silver Surfer: Black
Silver Surfer: Parable,Moebius,Marvel,6.0,False,,,,,,,,,,,Silver Surfer: Parable
Sinestro,"Bunn, Cullen",DC,23.0,False,,,,,,,,,,,Sinestro
Single Mothering,,,,,,,,,,,,,,,Single Mothering
Singularity,,,,,,,,,,,,,,,Singularity
Skullkickers,"Zub, Jim",Image,40.0,False,,,,,,,,,,,Skullkickers
Slaine: The Horned God,"Mills, Pat",Rebellion Developments,6.0,False,,,,,,,,,,,Slaine: The Horned God
Slam Dunk,"Inoue, Takehiko",Manga,31.0,False,,,,,,,,,,,Slam Dunk
Sleeper,"Brubaker, Ed",Wildstorm,24.0,False,,,,,,,,,,,Sleeper
"Smell of Starving Boys, The","Phang, Loo Hui",SelfMadeHero,5.0,False,,,,,,,,,,,The Smell of Starving Boys
Snapshot,"Diggle, Andy",Image,4.0,False,,,,,,,,,,,Snapshot
Solanin,"Asano, Ino",Manga,2.0,False,,,,,,,,,,,Solanin
Solo,Various,DC,12.0,False,,,,,,,,,,,Solo
Space Ghost,,,,,,,,,,,,,,,Space Ghost
Speak: The Graphic Novel,"Anderson, Laurie","Farrar, Straus, Giroux",15.0,False,,,,,,,,,,,Speak: The Graphic Novel
"Spectacular Spidermen Vol 2, The",,,,,,,,,,,,,,,The Spectacular Spidermen Vol 2
"Spectre, The","Ostrander, John",DC,64.0,False,,,,,,,,,,,The Spectre
"Spider King, The","Vann, Josh",IDW,5.0,False,,,,,,,,,,,The Spider King
Spider-Man,"David, Peter",Marvel,100.0,False,,,,,,,,,,,Spider-Man
Spider-Man,"Straczynski, J. Michael",Marvel,79.0,False,,,,,,,,,,,Spider-Man
Spider-Man: Blue,"Loeb, Jeph",Marvel,6.0,False,,,,,,,,,,,Spider-Man: Blue
Spider-Man: Hooky,"Putney, Susan K.",Marvel,2.0,False,,,,,,,,,,,Spider-Man: Hooky
Spider-Man: Life Story,"Zdarsky, Chip",Marvel,6.0,False,,,,,,,,,,,Spider-Man: Life Story
Spider-Man/Deadpool,"Thompson, Robbie",Marvel,50.0,False,,,,,,,,,,,Spider-Man/Deadpool
Spider-Man/Doctor Octopus: Negative Exposure,"Vaughan, Brian K.",Marvel,5.0,False,,,,,,,,,,,Spider-Man/Doctor Octopus: Negative Exposure
Spider-Woman,"Hopeless, Dennis",Marvel,10.0,False,,,,,,,,,,,Spider-Woman
Spider-Woman Agent of S.W.O.R.D.,"Bendis, Brian",Marvel,7.0,False,,,,,,,,,,,Spider-Woman Agent of S.W.O.R.D.
Spirit Circle,"Mizukami, Satoshi",Manga,6.0,False,,,,,,,,,,,Spirit Circle
"Spirit, The","Eisner, Will",Dynamite,32.0,False,,,,,,,,,,,The Spirit
Squadron Supreme,"Straczynski, J. Michael",Marvel,30.0,False,,,,,,,,,,,Squadron Supreme
Star Wars (2015),"Gillen, Kieron",Marvel,29.0,False,,,,,,,,,,,Star Wars (2015)
Star Wars Legends: Legacy,"Ostrander, John",Marvel,58.0,False,,,,,,,,,,,Star Wars Legends: Legacy
Star Wars: Darth Vader,"Gillen, Kieron",Marvel,25.0,False,,,,,,,,,,,Star Wars: Darth Vader
Star Wars: Doctor Aphra,"Gillen, Keiron",Marvel,20.0,False,,,,,,,,,,,Star Wars: Doctor Aphra
Star Wars: Doctor Aphra,"Spurrier, Simon",Marvel,21.0,False,,,,,,,,,,,Star Wars: Doctor Aphra
Star Wars: Han Solo,"Liu, Marjorie",Marvel,5.0,False,,,,,,,,,,,Star Wars: Han Solo
Star Wars: Inquisitors,,,,,,,,,,,,,,,Star Wars: Inquisitors
Star Wars: KotOR,"Miller, John Jackson",Marvel,55.0,False,,,,,,,,,,,Star Wars: KotOR
Starfinder: Angels of the Drift,,,,,,,,,,,,,,,Starfinder: Angels of the Drift
Starman,"Robinson, James",DC,92.0,False,,,,,,,,,,,Starman
Starstruck,"Lee, Elaine",IDW,25.0,False,,,,,,,,,,,Starstruck
Storm (2024),,,,,,,,,,,,,,,Storm (2024)
Stranger Things Vol 4 Library Edition,,,,,,,,,,,,,,,Stranger Things Vol 4 Library Edition
Strangers in Paradise,"Moore, Terry",Abstract Studio,103.0,False,,,,,,,,,,,Strangers in Paradise
Stray Bullets,"Lapham, David",Image,89.0,False,,,,,,,,,,,Stray Bullets
Stray Toasters,"Sienkiewicz, Bill",Epic,4.0,False,,,,,,,,,,,Stray Toasters
Street Fighter Legends,"Zub, Jim",UDON,8.0,False,,,,,,,,,,,Street Fighter Legends
Submariner: The Depths,"Milligan, Peter",Marvel,5.0,False,,,,,,,,,,,Submariner: The Depths
Suicide Risk,"Carey, Mike",Boom!,25.0,False,,,,,,,,,,,Suicide Risk
"Summit of the Gods, The","Yumemakura, Baku",Manga,5.0,False,,,,,,,,,,,The Summit of the Gods
Sunny,"Matsumoto, Taiyo",Manga,6.0,False,,,,,,,,,,,Sunny
Sunstone,"Sejic, Stjepan",Image,33.0,False,,,,,,,,,,,Sunstone
Super Sons,"Tomasi, Peter J.",DC,16.0,False,,,,,,,,,,,Super Sons
Supergirl,"Andreyko, Marc",DC,17.0,False,,,,,,,,,,,Supergirl
Supergirl,"David, Peter",DC,84.0,False,,,,,,,,,,,Supergirl
Supergirl,"Green, Michael",DC,40.0,False,,,,,,,,,,,Supergirl
Supergods,"Morrison, Grant",Avatar Press,35.0,False,,,,,,,,,,,Supergods
Superior Foes of Spider-Man,"Spencer, Nick",Marvel,17.0,False,,,,,,,,,,,Superior Foes of Spider-Man
"Superior Spider-Man, The","Gage, Christos",Marvel,12.0,False,,,,,,,,,,,The Superior Spider-Man
Superman,"Tomasi, Peter J.",DC,50.0,False,,,,,,,,,,,Superman
Superman (2023),,,,,,,,,,,,,,,Superman (2023)
Superman Adventures,"McCloud, Scott",DC,13.0,False,,,,,,,,,,,Superman Adventures
Superman: American Alien,"Landis, Max",DC,7.0,False,,,,,,,,,,,Superman: American Alien
Superman: Birthright,"Waid, Mark",DC,12.0,False,,,,,,,,,,,Superman: Birthright
Superman: Brainiac,"Johns, Geoff",DC,12.0,False,,,,,,,,,,,Superman: Brainiac
Superman: Red Son,"Millar, Mark",DC,3.0,False,,,,,,,,,,,Superman: Red Son
Superman: Secret Identity,"Busiek, Kurt",DC,4.0,False,,,,,,,,,,,Superman: Secret Identity
Superman: Speeding Bullets,"DeMatteis, J.M.",DC,2.0,False,,,,,,,,,,,Superman: Speeding Bullets
Superman: Strength,"McCloud, Scott",DC,6.0,False,,,,,,,,,,,Superman: Strength
Superman: Whatever Happened to the Man of Tomorrow,"Moore, Alan",DC,5.0,False,,,,,,,,,,,Superman: Whatever Happened to the Man of Tomorrow
Superman/Shazam!: First Thunder,"Winick, Judd",DC,4.0,False,,,,,,,,,,,Superman/Shazam!: First Thunder
Superwoman,"Jimenez, Phil",DC,18.0,False,,,,,,,,,,,Superwoman
Supreme,"Moore, Alan",Image,27.0,False,,,,,,,,,,,Supreme
Swamp Thing,"Moore, Alan",DC,44.0,False,,,,,,,,,,,Swamp Thing
Swamp Thing,"Veitch, Rick",DC,27.0,False,,,,,,,,,,,Swamp Thing
Swamp Thing,"Snyder, Scott",DC,24.0,False,,,,,,,,,,,Swamp Thing
Swamp Thing,"Soule, Charles",DC,26.0,False,,,,,,,,,,,Swamp Thing
Swan Songs,,,,,,,,,,,,,,,Swan Songs
Sweet Tooth,"Lemire, Jeff",Vertigo,40.0,False,,,,,,,,,,,Sweet Tooth
"Sword, The",Luna Brothers,Image,24.0,False,,,,,,,,,,,The Sword
Takio,"Bendis, Brian",Icon,8.0,False,,,,,,,,,,,Takio
Tank Girl,"Martin, Alan",Titan,27.0,False,,,,,,,,,,,Tank Girl
Teen Titans,"Johns, Geoff",DC,56.0,False,,,,,,,,,,,Teen Titans
Teenage Mutant Ninja Turtles (2024),,,,,,,,,,,,,,,Teenage Mutant Ninja Turtles (2024)
Tender,,,,,,,,,,,,,,,Tender
"Terrible Elisabeth Dumn Against the Devils in Suits, The","Oliveira, Arabson",Image,1.0,False,,,,,,,,,,,The Terrible Elisabeth Dumn Against the Devils in Suits
"Terrifics, The","Lemire, Jeff",DC,14.0,False,,,,,,,,,,,The Terrifics
Terry Moore's Echo,"Moore, Terry",Abstract Studio,30.0,False,,,,,,,,,,,Terry Moore's Echo
Tetris: The Games People Play,"Brown, Box",First Second,10.0,False,,,,,,,,,,,Tetris: The Games People Play
Thanos,"Lemire, Jeff",Marvel,19.0,False,,,,,,,,,,,Thanos
Thief of Thieves,"Kirkman, Robert",Image,42.0,False,,,,,,,,,,,Thief of Thieves
Thor,"Simonson, Walt",Marvel,70.0,False,,,,,,,,,,,Thor
Thor,"Straczynski, J. Michael",Marvel,16.0,False,,,,,,,,,,,Thor
Thor Saga,"Aaron, Jason",Marvel,94.0,False,,,,,,,,,,,Thor Saga
Three,"Gillen, Kieron",Image,7.0,False,,,,,,,,,,,Three
Through the Woods,"Carroll, Emily",Margaret K. McElderry Books,8.0,False,,,,,,,,,,,Through the Woods
Thumb Print,"Hill, Joe",IDW,3.0,False,,,,,,,,,,,Thumb Print
Thunderbolts,"Ellis, Warren",Marvel,22.0,False,,,,,,,,,,,Thunderbolts
Thunderbolts,"Busiek, Kurt",Marvel,43.0,False,,,,,,,,,,,Thunderbolts
Thunderbolts,"Gage, Christos",Marvel,7.0,False,,,,,,,,,,,Thunderbolts
Toil and Trouble,"Scott, Mairghread",Boom!,6.0,False,,,,,,,,,,,Toil and Trouble
Tokyo Ghost,"Remender, Rick",Image,10.0,False,,,,,,,,,,,Tokyo Ghost
Tokyo Ghoul,"Ishida, Sui",Manga,14.0,False,,,,,,,,,,,Tokyo Ghoul
Tokyo Tarareba Girls,"Higashimura, Akiko",Manga,9.0,False,,,,,,,,,,,Tokyo Tarareba Girls
Tokyo These Days,,,,,,,,,,,,,,,Tokyo These Days
Tom Strong,"Moore, Alan",ABC,50.0,False,,,,,,,,,,,Tom Strong
Too Much Coffee Man,Wheeler Shannon,Dark Horse,24.0,False,,,,,,,,,,,Too Much Coffee Man
Top 10,"Moore, Alan",ABC,20.0,False,,,,,,,,,,,Top 10
Tower of God,"Jong-hui, Lee",Webtoon,3.0,False,,,,,,,,,,,Tower of God
Transformers '84,Various,Marvel,250.0,False,,,,,,,,,,,Transformers '84
Transformers (2023),,,,,,,,,,,,,,,Transformers (2023)
Transformers: All Hail Megatron,"McCarthy, Shane",IDW,16.0,False,,,,,,,,,,,Transformers: All Hail Megatron
Transformers: Autocracy,"Metzen, Chris",IDW,5.0,False,,,,,,,,,,,Transformers: Autocracy
Transformers: Death of Optimus Prime,"Roberts, James",IDW,1.0,False,,,,,,,,,,,Transformers: Death of Optimus Prime
Transformers: Last Stand of the Wreckers,"Roberts, James",IDW,85.0,False,,,,,,,,,,,Transformers: Last Stand of the Wreckers
Transformers: Megatron Origins,"Holmes, Eric",IDW,4.0,False,,,,,,,,,,,Transformers: Megatron Origins
Transformers: Monstrosity,"Metzen, Chris",IDW,4.0,False,,,,,,,,,,,Transformers: Monstrosity
Transformers: MTMTE/LL,"Roberts, James",IDW,12.0,False,,,,,,,,,,,Transformers: MTMTE/LL
Transformers: Primacy,"Metzen, Chris",IDW,12.0,False,,,,,,,,,,,Transformers: Primacy
Transformers: Robots in Disguise,"Barber, John",IDW,61.0,False,,,,,,,,,,,Transformers: Robots in Disguise
Transformers: Windblade/'Till All Are One,"Scott, Mairghread",IDW,26.0,False,,,,,,,,,,,Transformers: Windblade/'Till All Are One
Transhuman,"Hickman, Jonathan",Image,4.0,False,,,,,,,,,,,Transhuman
Transmetropolitan,"Ellis, Warren",Vertigo,62.0,False,,,,,,,,,,,Transmetropolitan
Trees,"Ellis, Warren",Image,14.0,False,,,,,,,,,,,Trees
Trillium,"Lemire, Jeff",Vertigo,8.0,False,,,,,,,,,,,Trillium
Trinity,"Manapul, Francis",DC,23.0,False,,,,,,,,,,,Trinity
Truth: Red White and Black,"Morales, Robert",Marvel,7.0,False,,,,,,,,,,,Truth: Red White and Black
U.S.Avengers,"Ewing, Al",Marvel,12.0,False,,,,,,,,,,,U.S.Avengers
Ultimate Comics: Hawkeye,"Hickman, Jonathan",Marvel,4.0,False,,,,,,,,,,,Ultimate Comics: Hawkeye
Ultimate Comics: Thor,"Hickman, Jonathan",Marvel,4.0,False,,,,,,,,,,,Ultimate Comics: Thor
Ultimate Comics: Ultimates,"Hickman, Jonathan",Marvel,12.0,False,,,,,,,,,,,Ultimate Comics: Ultimates
Ultimate Comics: X-Men,"Wood, Brian",Marvel,33.0,False,,,,,,,,,,,Ultimate Comics: X-Men
Ultimate Spider-Man,"Bendis, Brian",Marvel,200.0,False,,,,,,,,,,,Ultimate Spider-Man
Ultimate Spiderman Vol 1: Married With Children,,,,,,,,,,,,,,,Ultimate Spiderman Vol 1: Married With Children
Ultimate SPiderman Vol 2: The Paper,,,,,,,,,,,,,,,Ultimate SPiderman Vol 2: The Paper
Ultimates,"Ewing, Al",Marvel,22.0,False,,,,,,,,,,,Ultimates
Umbrella Academy,"Way, Gerard",Dark Horse,18.0,False,,,,,,,,,,,Umbrella Academy
"Unbeatable Squirrel Girl, The","North, Ryan",Marvel,64.0,False,,,,,,,,,,,The Unbeatable Squirrel Girl
"Unbelievable Gwenpool, The","Hastings, Christopher",Marvel,27.0,False,,,,,,,,,,,The Unbelievable Gwenpool
Uncanny Avengers,"Remender, Rick",Marvel,30.0,False,,,,,,,,,,,Uncanny Avengers
Uncanny Avengers,"Zub, Jim",Marvel,5.0,False,,,,,,,,,,,Uncanny Avengers
Uncanny X-Force,"Remender, Rick",Marvel,35.0,False,,,,,,,,,,,Uncanny X-Force
Uncanny X-Men,"Gillen, Kieron",Marvel,21.0,False,,,,,,,,,,,Uncanny X-Men
"Underwater Welder, The","Lemire, Jeff",Topshelf,9.0,False,,,,,,,,,,,The Underwater Welder
Underwinter,"Fawkes, Ray",Image,11.0,False,,,,,,,,,,,Underwinter
Unknown Soldier,"Ennis, Garth",DC,4.0,False,,,,,,,,,,,Unknown Soldier
"Unwritten, The","Carey, Mike",Vertigo,66.0,False,,,,,,,,,,,The Unwritten
Upgrade Soul,"Daniels, Ezra Clayton",Lion Forge,11.0,False,,,,,,,,,,,Upgrade Soul
Usagi Yojimbo,"Sakai, Stan",Dark Horse,172.0,False,,,,,,,,,,,Usagi Yojimbo
V for Vendetta,"Moore, Alan",Vertigo,10.0,False,,,,,,,,,,,V for Vendetta
Vagabond,"Inoue, Takehiko",Manga,37.0,False,,,,,,,,,,,Vagabond
Valiant 2012,Various,Valiant,300.0,False,,,,,,,,,,,Valiant 2012
Vampirella: Roses for the Dead,Deak-Lisner Kristina,Dynamite,4.0,False,,,,,,,,,,,Vampirella: Roses for the Dead
Vampirella/Dejah Thoris,"Burnham, Erik",Dynamite,5.0,False,,,,,,,,,,,Vampirella/Dejah Thoris
Velvet,"Brubaker, Ed",Image,15.0,False,,,,,,,,,,,Velvet
Vengeance of Vampirella,"Sniegoski, Tom",Dynamite,26.0,False,,,,,,,,,,,Vengeance of Vampirella
Venom,"Remender, Rick",Marvel,22.0,False,,,,,,,,,,,Venom
Victory Parade,,,,,,,,,,,,,,,Victory Parade
Villains United/Secret Six Vol. 1,"Simone, Gail",DC,56.0,False,,,,,,,,,,,Villains United/Secret Six Vol. 1
Vinland Saga,"Yukimura, Makoto",Manga,21.0,False,,,,,,,,,,,Vinland Saga
Vision,"King, Tom",Marvel,12.0,False,,,,,,,,,,,Vision
"Wake, The","Snyder, Scott",DC,10.0,False,,,,,,,,,,,The Wake
War of the Realms,"Aaron, Jason",Marvel,6.0,False,,,,,,,,,,,War of the Realms
War of the Realms: Agents of Atlas,"Pak, Greg",Marvel,4.0,False,,,,,,,,,,,War of the Realms: Agents of Atlas
War of the Realms: Giant-Man,"Williams, Leah",Marvel,3.0,False,,,,,,,,,,,War of the Realms: Giant-Man
War of the Realms: Journey into Mystery,McElroys,Marvel,5.0,False,,,,,,,,,,,War of the Realms: Journey into Mystery
War of the Realms: Punisher,"Duggan, Gerry",Marvel,3.0,False,,,,,,,,,,,War of the Realms: Punisher
War of the Realms: Spider-Man & the League of Realms,"Ryan, Sean",Marvel,3.0,False,,,,,,,,,,,War of the Realms: Spider-Man & the League of Realms
War of the Realms: Strikeforce: The Dark Elf Realm,"Hill, Bryan",Marvel,1.0,False,,,,,,,,,,,War of the Realms: Strikeforce: The Dark Elf Realm
War of the Realms: Strikeforce: The Land of the Giants,"Taylor, Tom",Marvel,1.0,False,,,,,,,,,,,War of the Realms: Strikeforce: The Land of the Giants
War of the Realms: Strikeforce: The War Avengers,"Hopless, Dennis",Marvel,1.0,False,,,,,,,,,,,War of the Realms: Strikeforce: The War Avengers
War of the Realms: Uncanny X-Men,"Rosenberg, Matthew",Marvel,3.0,False,,,,,,,,,,,War of the Realms: Uncanny X-Men
War of the Realms: War Scrolls,Various,Marvel,3.0,False,,,,,,,,,,,War of the Realms: War Scrolls
Warlock,"Starlin, Jim",Marvel,54.0,False,,,,,,,,,,,Warlock
Warlord,"Grell, Mike",DC,62.0,False,,,,,,,,,,,Warlord
Wasteland,"Ostrander, John",Oni Press,18.0,False,,,,,,,,,,,Wasteland
Watchmen,"Moore, Alan",Vertigo,12.0,False,,,,,,,,,,,Watchmen
Watersnakes,"Sandoval, Tony",Lion Forge,6.0,False,,,,,,,,,,,Watersnakes
Wayward,"Zub, Jim",Image,30.0,False,,,,,,,,,,,Wayward
We are Robin,"Bermejo, Lee",DC,12.0,False,,,,,,,,,,,We are Robin
We Can Never Go Home,"Rosenberg, Matthew",Black Mask,5.0,True,,,,,,,,,,,We Can Never Go Home
We Stand on Guard,"Vaughan, Brian K.",Image,6.0,False,,,,,,,,,,,We Stand on Guard
We3,"Morrison, Grant",Vertigo,3.0,False,,,,,,,,,,,We3
"Weatherman, The","LeHeup, Jody",Image,6.0,False,,,,,,,,,,,The Weatherman
Wednesday Comics,,,,,,,,,,,,,,,Wednesday Comics
"Werewolf at Dusk: and Other Stories, The",,,,,,,,,,,,,,,The Werewolf at Dusk: and Other Stories
West Coast Avengers,"Thompson, Kelly",Marvel,10.0,False,,,,,,,,,,,West Coast Avengers
Wet Moon,"Campbell, Sophie",Oni Press,51.0,False,,,,,,,,,,,Wet Moon
Where We Live: Las Vegas Shooting Benefits,Various,Image,10.0,False,,,,,,,,,,,Where We Live: Las Vegas Shooting Benefits
"White Trees, The","Zdarsky, Chip",Image,2.0,False,,,,,,,,,,,The White Trees
Whiteout,"Rucka, Greg",Oni Press,9.0,False,,,,,,,,,,,Whiteout
Who is Jake Ellis,"Edmondson, Nathan",Image,5.0,False,,,,,,,,,,,Who is Jake Ellis
"Wicked + The Divine, The","Gillen, Keiron",Image,45.0,False,,,,,,,,,,,The Wicked + The Divine
"Wild Storm, The","Ellis, Warren",DC,24.0,False,,,,,,,,,,,The Wild Storm
"Wild Storm: Michael Cray, The","Hill, Bryan",DC,12.0,False,,,,,,,,,,,The Wild Storm: Michael Cray
"Winter Men, The","Lewis, Brett",Wildstorm,6.0,False,,,,,,,,,,,The Winter Men
Witchblade,"Marz, Ron",Top Cow,95.0,False,,,,,,,,,,,Witchblade
"Witcher Vol 9: Corvo Bianco, The",,,,,,,,,,,,,,,The Witcher Vol 9: Corvo Bianco
Woman World,"Dhaliwal, Aminder",Drawn and Quarterly,10.0,False,,,,,,,,,,,Woman World
Wonder Woman,"Azzarello, Brian",DC,52.0,False,,,,,,,,,,,Wonder Woman
Wonder Woman,"Rucka, Greg",DC,58.0,False,,,,,,,,,,,Wonder Woman
"Wonderful Wizard of Oz, The","Shanower, Eric",Marvel,8.0,False,,,,,,,,,,,The Wonderful Wizard of Oz
"Woods, The","Tynion IV, James",Boom!,36.0,False,,,,,,,,,,,The Woods
World Trigger,"Ashihara, Daisuke",Manga,19.0,False,,,,,,,,,,,World Trigger
World War Hulk + Incredible Hulk #106 - #111,"Pak, Greg",Marvel,11.0,False,,,,,,,,,,,World War Hulk + Incredible Hulk #106 - #111
"Wrong Earth, The",Various,Ahoy,6.0,False,,,,,,,,,,,The Wrong Earth
Wytches,"Snyder, Scott",Image,9.0,False,,,,,,,,,,,Wytches
X-23,"Liu, Marjorie",Marvel,21.0,False,,,,,,,,,,,X-23
X-23: Innocence Lost/Target X,"Kyle, Craig",Marvel,12.0,False,,,,,,,,,,,X-23: Innocence Lost/Target X
X-Factor,"Simonson, Louise",Marvel,65.0,False,,,,,,,,,,,X-Factor
X-Factor,"David, Peter",Marvel,51.0,False,,,,,,,,,,,X-Factor
X-Force,"Kyle, Craig",Marvel,29.0,False,,,,,,,,,,,X-Force
X-Force Vol 1: Fractures,,,,,,,,,,,,,,,X-Force Vol 1: Fractures
X-Force/X-Statix,"Milligan, Peter",Marvel,46.0,False,,,,,,,,,,,X-Force/X-Statix
X-Men Legacy,"Carey, Mike",Marvel,52.0,False,,,,,,,,,,,X-Men Legacy
X-Men Legacy,"Spurrier, Simon",Marvel,25.0,False,,,,,,,,,,,X-Men Legacy
X-Men Saga,"Claremont, Chris",Marvel,224.0,False,,,,,,,,,,,X-Men Saga
X-Men Vol 1: Homecoming,,,,,,,,,,,,,,,X-Men Vol 1: Homecoming
X-Men: Asgardian Wars,"Claremont, Chris",Marvel,4.0,False,,,,,,,,,,,X-Men: Asgardian Wars
X-Men: Grand Design,"Piskor, Ed",Marvel,4.0,False,,,,,,,,,,,X-Men: Grand Design
X-Men: Grand Design - X-Tinction,"Piskor, Ed",Marvel,2.0,False,,,,,,,,,,,X-Men: Grand Design - X-Tinction
X-Men: No More Humans,"Carey, Mike",Marvel,4.0,False,,,,,,,,,,,X-Men: No More Humans
X-Men: Red,"Taylor, Tom",Marvel,12.0,False,,,,,,,,,,,X-Men: Red
X-Men: Season One,"Gage, Christos",Marvel,5.0,False,,,,,,,,,,,X-Men: Season One
Y: The Last Man,"Vaughan, Brian K.",Vertigo,60.0,False,,,,,,,,,,,Y: The Last Man
Year of the Villain,Various,DC,7.0,False,,,,,,,,,,,Year of the Villain
You are Here,"Baker, Kyle",Vertigo,6.0,False,,,,,,,,,,,You are Here
Young Avengers,"Gillen, Kieron",Marvel,15.0,False,,,,,,,,,,,Young Avengers
Young Avengers,"Heinberg, Allan",Marvel,13.0,False,,,,,,,,,,,Young Avengers
Young Frances,"Lin, Hartley",AdHouse,6.0,False,,,,,,,,,,,Young Frances
Young Hag and The Witches Quest,,,,,,,,,,,,,,,Young Hag and The Witches Quest
Young Justice,"David, Peter",DC,55.0,False,,,,,,,,,,,Young Justice
Young Liars,"Lapham, David",Vertigo,18.0,False,,,,,,,,,,,Young Liars
Young Terrorists,"Pizzolo, Matt",Black Mask,2.0,False,,,,,,,,,,,Young Terrorists
Your Black Friend and Other Strangers,"Passmore, Ben",Silver Sprocket,4.0,False,,,,,,,,,,,Your Black Friend and Other Strangers
Zatanna: Bring Down The House Collected,,,,,,,,,,,,,,,Zatanna: Bring Down The House Collected
Zero Girl,"Kieth, Sam",DC,5.0,False,,,,,,,,,,,Zero Girl
Ziggy Pig Silly Seal,"Tieri, Frank",Marvel,1.0,False,,,,,,,,,,,Ziggy Pig Silly Seal
Zodiac,,,,,,,,,,,,,,,Zodiac
Zot!,"McCloud, Scott",Eclipse,36.0,False,,,,,,,,,,,Zot!
